symbol,year,net_income,total_assets,ROA,employees,market_cap,sector_yf,founded,sector_gics,cik
MMM,2025,3250000000.0,37733000000.0,0.0861315029284711,60500.0,77560160256,Industrials,1902,Industrials,0000066740
MMM,2024,4173000000.0,39868000000.0,0.10467041236079061,60500.0,77560160256,Industrials,1902,Industrials,0000066740
MMM,2023,-6995000000.0,50580000000.0,-0.13829576907868724,60500.0,77560160256,Industrials,1902,Industrials,0000066740
MMM,2022,5777000000.0,46455000000.0,0.12435690453126681,60500.0,77560160256,Industrials,1902,Industrials,0000066740
MMM,2021,,,,60500.0,77560160256,Industrials,1902,Industrials,0000066740
AOS,2025,546200000.0,3142800000.0,0.17379406898307243,11500.0,8987461632,Industrials,1916,Industrials,0000091142
AOS,2024,533600000.0,3240000000.0,0.16469135802469137,11500.0,8987461632,Industrials,1916,Industrials,0000091142
AOS,2023,556600000.0,3213900000.0,0.17318522667164504,11500.0,8987461632,Industrials,1916,Industrials,0000091142
AOS,2022,235700000.0,3332300000.0,0.07073192689733818,11500.0,8987461632,Industrials,1916,Industrials,0000091142
ABT,2025,6524000000.0,86713000000.0,0.07523670037941255,122000.0,161117962240,Healthcare,1888,Health Care,0000001800
ABT,2024,13402000000.0,81414000000.0,0.1646154224089223,122000.0,161117962240,Healthcare,1888,Health Care,0000001800
ABT,2023,5723000000.0,73214000000.0,0.07816810992433142,122000.0,161117962240,Healthcare,1888,Health Care,0000001800
ABT,2022,6933000000.0,74438000000.0,0.09313791343131196,122000.0,161117962240,Healthcare,1888,Health Care,0000001800
ABT,2021,,,,122000.0,161117962240,Healthcare,1888,Health Care,0000001800
ABBV,2025,4226000000.0,133960000000.0,0.03154673036727381,57000.0,362808541184,Healthcare,2013 (1888),Health Care,0001551152
ABBV,2024,4278000000.0,135161000000.0,0.03165114197142667,57000.0,362808541184,Healthcare,2013 (1888),Health Care,0001551152
ABBV,2023,4863000000.0,134711000000.0,0.036099501896652834,57000.0,362808541184,Healthcare,2013 (1888),Health Care,0001551152
ABBV,2022,11836000000.0,138805000000.0,0.08527070350491697,57000.0,362808541184,Healthcare,2013 (1888),Health Care,0001551152
ACN,2025,7678433000.0,65394897000.0,0.11741639412628786,786000.0,119652900864,Technology,1989,Information Technology,0001467373
ACN,2024,7264787000.0,55932363000.0,0.1298852151124028,786000.0,119652900864,Technology,1989,Information Technology,0001467373
ACN,2023,6871557000.0,51245305000.0,0.1340914450601865,786000.0,119652900864,Technology,1989,Information Technology,0001467373
ACN,2022,6877169000.0,47263390000.0,0.14550731549302748,786000.0,119652900864,Technology,1989,Information Technology,0001467373
ACN,2021,,,,786000.0,119652900864,Technology,1989,Information Technology,0001467373
ADBE,2025,7130000000.0,29496000000.0,0.2417276918904258,31360.0,100759691264,Technology,1982,Information Technology,0000796343
ADBE,2024,5560000000.0,30230000000.0,0.18392325504465762,31360.0,100759691264,Technology,1982,Information Technology,0000796343
ADBE,2023,5428000000.0,29779000000.0,0.18227610060781088,31360.0,100759691264,Technology,1982,Information Technology,0000796343
ADBE,2022,4756000000.0,27165000000.0,0.17507822565801584,31360.0,100759691264,Technology,1982,Information Technology,0000796343
AMD,2025,4335000000.0,76926000000.0,0.056352858591373525,31000.0,463835561984,Technology,1969,Information Technology,0000002488
AMD,2024,1641000000.0,69226000000.0,0.02370496634212579,31000.0,463835561984,Technology,1969,Information Technology,0000002488
AMD,2023,854000000.0,67885000000.0,0.012580098696324666,31000.0,463835561984,Technology,1969,Information Technology,0000002488
AMD,2022,1320000000.0,67580000000.0,0.01953240603728914,31000.0,463835561984,Technology,1969,Information Technology,0000002488
AMD,2021,,,,31000.0,463835561984,Technology,1969,Information Technology,0000002488
AES,2025,910000000.0,51768000000.0,0.01757842682738371,8336.0,10296754176,Utilities,1981,Utilities,0000874761
AES,2024,1679000000.0,47406000000.0,0.03541745770577564,8336.0,10296754176,Utilities,1981,Utilities,0000874761
AES,2023,249000000.0,44799000000.0,0.00555815978035224,8336.0,10296754176,Utilities,1981,Utilities,0000874761
AES,2022,-546000000.0,38363000000.0,-0.01423246357167062,8336.0,10296754176,Utilities,1981,Utilities,0000874761
AES,2021,,,,8336.0,10296754176,Utilities,1981,Utilities,0000874761
AFL,2025,3646000000.0,116470000000.0,0.03130419850605306,12716.0,60781490176,Financial Services,1955,Financials,0000004977
AFL,2024,5443000000.0,117566000000.0,0.04629739890784751,12716.0,60781490176,Financial Services,1955,Financials,0000004977
AFL,2023,4659000000.0,126724000000.0,0.036764937975442696,12716.0,60781490176,Financial Services,1955,Financials,0000004977
AFL,2022,4418000000.0,131738000000.0,0.033536261367259255,12716.0,60781490176,Financial Services,1955,Financials,0000004977
A,2025,1303000000.0,12727000000.0,0.10238076530211361,18000.0,34531893248,Healthcare,1999,Health Care,0001090872
A,2024,1289000000.0,11846000000.0,0.10881310146885025,18000.0,34531893248,Healthcare,1999,Health Care,0001090872
A,2023,1240000000.0,10763000000.0,0.11520951407600112,18000.0,34531893248,Healthcare,1999,Health Care,0001090872
A,2022,1254000000.0,10532000000.0,0.11906570451955943,18000.0,34531893248,Healthcare,1999,Health Care,0001090872
APD,2025,-394500000.0,41059500000.0,-0.00960800789098747,21087.0,65634533376,Basic Materials,1940,Materials,0000002969
APD,2024,3828200000.0,39574600000.0,0.0967337635756268,21087.0,65634533376,Basic Materials,1940,Materials,0000002969
APD,2023,2300200000.0,32002500000.0,0.0718756347160378,21087.0,65634533376,Basic Materials,1940,Materials,0000002969
APD,2022,2256100000.0,27192600000.0,0.08296742496120268,21087.0,65634533376,Basic Materials,1940,Materials,0000002969
APD,2021,,,,21087.0,65634533376,Basic Materials,1940,Materials,0000002969
ABNB,2025,2511000000.0,22208000000.0,0.11306736311239193,8200.0,85520662528,Consumer Cyclical,2008,Consumer Discretionary,0001559720
ABNB,2024,2648000000.0,20959000000.0,0.12634190562526837,8200.0,85520662528,Consumer Cyclical,2008,Consumer Discretionary,0001559720
ABNB,2023,4792000000.0,20645000000.0,0.2321143133930734,8200.0,85520662528,Consumer Cyclical,2008,Consumer Discretionary,0001559720
ABNB,2022,1893000000.0,16038000000.0,0.11803217358772915,8200.0,85520662528,Consumer Cyclical,2008,Consumer Discretionary,0001559720
ABNB,2021,,,,8200.0,85520662528,Consumer Cyclical,2008,Consumer Discretionary,0001559720
AKAM,2025,452031000.0,11479643000.0,0.039376747168879726,11000.0,14439635968,Technology,1998,Information Technology,0001086222
AKAM,2024,504918000.0,10368785000.0,0.04869596582434683,11000.0,14439635968,Technology,1998,Information Technology,0001086222
AKAM,2023,547629000.0,9900037000.0,0.05531585387004109,11000.0,14439635968,Technology,1998,Information Technology,0001086222
AKAM,2022,523672000.0,8303400000.0,0.06306717730086471,11000.0,14439635968,Technology,1998,Information Technology,0001086222
ALB,2025,-510628000.0,16374211000.0,-0.031184891901050987,7800.0,23391115264,Basic Materials,1994,Materials,0000915913
ALB,2024,-1179449000.0,16609649000.0,-0.07100986902251817,7800.0,23391115264,Basic Materials,1994,Materials,0000915913
ALB,2023,1573476000.0,18270652000.0,0.08612040774461689,7800.0,23391115264,Basic Materials,1994,Materials,0000915913
ALB,2022,2689816000.0,15456522000.0,0.17402466091660207,7800.0,23391115264,Basic Materials,1994,Materials,0000915913
ALB,2021,,,,7800.0,23391115264,Basic Materials,1994,Materials,0000915913
ARE,2025,-1429570000.0,34081835000.0,-0.04194521803183426,514.0,8285490688,Real Estate,1994,Real Estate,0001035443
ARE,2024,322949000.0,37527449000.0,0.008605674209296773,514.0,8285490688,Real Estate,1994,Real Estate,0001035443
ARE,2023,103639000.0,36771402000.0,0.0028184674601202317,514.0,8285490688,Real Estate,1994,Real Estate,0001035443
ARE,2022,521660000.0,35523399000.0,0.014684968631520875,514.0,8285490688,Real Estate,1994,Real Estate,0001035443
ARE,2021,,,,514.0,8285490688,Real Estate,1994,Real Estate,0001035443
ALGN,2025,410351000.0,6233693000.0,0.0658279129241687,20290.0,13979691008,Healthcare,1997,Health Care,0001097149
ALGN,2024,421362000.0,6214600000.0,0.06780195024619444,20290.0,13979691008,Healthcare,1997,Health Care,0001097149
ALGN,2023,445053000.0,6083877000.0,0.07315285959923253,20290.0,13979691008,Healthcare,1997,Health Care,0001097149
ALGN,2022,361573000.0,5947947000.0,0.060789546376253854,20290.0,13979691008,Healthcare,1997,Health Care,0001097149
ALGN,2021,,,,20290.0,13979691008,Healthcare,1997,Health Care,0001097149
ALLE,2025,643800000.0,5223700000.0,0.1232459750751383,13300.0,12359292928,Industrials,1908,Industrials,0001579241
ALLE,2024,597500000.0,4487800000.0,0.13313873167253443,13300.0,12359292928,Industrials,1908,Industrials,0001579241
ALLE,2023,540400000.0,4311500000.0,0.12533920909196336,13300.0,12359292928,Industrials,1908,Industrials,0001579241
ALLE,2022,458000000.0,3991200000.0,0.11475245540188414,13300.0,12359292928,Industrials,1908,Industrials,0001579241
ALLE,2021,,,,13300.0,12359292928,Industrials,1908,Industrials,0001579241
LNT,2025,810000000.0,24991000000.0,0.0324116682005522,2948.0,18373787648,Utilities,1917,Utilities,0000352541
LNT,2024,690000000.0,22714000000.0,0.030377740600510697,2948.0,18373787648,Utilities,1917,Utilities,0000352541
LNT,2023,703000000.0,21237000000.0,0.0331026039459434,2948.0,18373787648,Utilities,1917,Utilities,0000352541
LNT,2022,686000000.0,20163000000.0,0.034022714873778705,2948.0,18373787648,Utilities,1917,Utilities,0000352541
LNT,2021,,,,2948.0,18373787648,Utilities,1917,Utilities,0000352541
ALL,2025,10282000000.0,119758000000.0,0.08585647722907865,53000.0,56147984384,Financial Services,1931,Financials,0000899051
ALL,2024,4667000000.0,111617000000.0,0.04181262710877375,53000.0,56147984384,Financial Services,1931,Financials,0000899051
ALL,2023,-188000000.0,103362000000.0,-0.001818850254445541,53000.0,56147984384,Financial Services,1931,Financials,0000899051
ALL,2022,-1289000000.0,97989000000.0,-0.01315453775423772,53000.0,56147984384,Financial Services,1931,Financials,0000899051
ALL,2021,,,,53000.0,56147984384,Financial Services,1931,Financials,0000899051
GOOGL,2025,132170000000.0,595281000000.0,0.22202959610671263,190820.0,4019712425984,Communication Services,1998,Communication Services,0001652044
GOOGL,2024,100118000000.0,450256000000.0,0.22235794747876764,190820.0,4019712425984,Communication Services,1998,Communication Services,0001652044
GOOGL,2023,73795000000.0,402392000000.0,0.18339082287918249,190820.0,4019712425984,Communication Services,1998,Communication Services,0001652044
GOOGL,2022,59972000000.0,365264000000.0,0.16418809409084936,190820.0,4019712425984,Communication Services,1998,Communication Services,0001652044
GOOGL,2021,,,,190820.0,4019712425984,Communication Services,1998,Communication Services,0001652044
GOOG,2025,132170000000.0,595281000000.0,0.22202959610671263,190820.0,3997695737856,Communication Services,1998,Communication Services,0001652044
GOOG,2024,100118000000.0,450256000000.0,0.22235794747876764,190820.0,3997695737856,Communication Services,1998,Communication Services,0001652044
GOOG,2023,73795000000.0,402392000000.0,0.18339082287918249,190820.0,3997695737856,Communication Services,1998,Communication Services,0001652044
GOOG,2022,59972000000.0,365264000000.0,0.16418809409084936,190820.0,3997695737856,Communication Services,1998,Communication Services,0001652044
GOOG,2021,,,,190820.0,3997695737856,Communication Services,1998,Communication Services,0001652044
MO,2025,6947000000.0,35017000000.0,0.19838935374246794,5900.0,108088213504,Consumer Defensive,1985,Consumer Staples,0000764180
MO,2024,11264000000.0,35177000000.0,0.3202092276203201,5900.0,108088213504,Consumer Defensive,1985,Consumer Staples,0000764180
MO,2023,8130000000.0,38570000000.0,0.2107855846512834,5900.0,108088213504,Consumer Defensive,1985,Consumer Staples,0000764180
MO,2022,5764000000.0,36954000000.0,0.1559777020079017,5900.0,108088213504,Consumer Defensive,1985,Consumer Staples,0000764180
MO,2021,,,,5900.0,108088213504,Consumer Defensive,1985,Consumer Staples,0000764180
AMZN,2025,77670000000.0,818042000000.0,0.09494622525493801,1576000.0,2687595184128,Consumer Cyclical,1994,Consumer Discretionary,0001018724
AMZN,2024,59248000000.0,624894000000.0,0.09481288026449286,1576000.0,2687595184128,Consumer Cyclical,1994,Consumer Discretionary,0001018724
AMZN,2023,30425000000.0,527854000000.0,0.057639044129626754,1576000.0,2687595184128,Consumer Cyclical,1994,Consumer Discretionary,0001018724
AMZN,2022,-2722000000.0,462675000000.0,-0.0058831793375479545,1576000.0,2687595184128,Consumer Cyclical,1994,Consumer Discretionary,0001018724
AMCR,2025,511000000.0,37066000000.0,0.013786219176603895,77000.0,18990077952,Consumer Cyclical,2019 (1860),Materials,0001748790
AMCR,2024,730000000.0,16524000000.0,0.044178165093197774,77000.0,18990077952,Consumer Cyclical,2019 (1860),Materials,0001748790
AMCR,2023,1048000000.0,17003000000.0,0.06163618185026172,77000.0,18990077952,Consumer Cyclical,2019 (1860),Materials,0001748790
AMCR,2022,805000000.0,17426000000.0,0.046195340296109264,77000.0,18990077952,Consumer Cyclical,2019 (1860),Materials,0001748790
AMCR,2021,,,,77000.0,18990077952,Consumer Cyclical,2019 (1860),Materials,0001748790
AEE,2025,1456000000.0,48476000000.0,0.030035481475369254,8913.0,30420787200,Utilities,1902,Utilities,0001002910
AEE,2024,1182000000.0,44598000000.0,0.02650343064711422,8913.0,30420787200,Utilities,1902,Utilities,0001002910
AEE,2023,1152000000.0,40830000000.0,0.028214548126377664,8913.0,30420787200,Utilities,1902,Utilities,0001002910
AEE,2022,1074000000.0,37904000000.0,0.028334740396791895,8913.0,30420787200,Utilities,1902,Utilities,0001002910
AEE,2021,,,,8913.0,30420787200,Utilities,1902,Utilities,0001002910
AEP,2025,3580000000.0,114460000000.0,0.03127730211427573,17581.0,71690584064,Utilities,1906,Utilities,0000004904
AEP,2024,2967000000.0,103078000000.0,0.02878402762956208,17581.0,71690584064,Utilities,1906,Utilities,0000004904
AEP,2023,2208000000.0,96684000000.0,0.02283728434901328,17581.0,71690584064,Utilities,1906,Utilities,0000004904
AEP,2022,2307200000.0,93403300000.0,0.024701482709925667,17581.0,71690584064,Utilities,1906,Utilities,0000004904
AEP,2021,,,,17581.0,71690584064,Utilities,1906,Utilities,0000004904
AXP,2025,10833000000.0,300052000000.0,0.0361037420180502,76800.0,226438447104,Financial Services,1850,Financials,0000004962
AXP,2024,10129000000.0,271461000000.0,0.037312910510165366,76800.0,226438447104,Financial Services,1850,Financials,0000004962
AXP,2023,8374000000.0,261108000000.0,0.03207102042066884,76800.0,226438447104,Financial Services,1850,Financials,0000004962
AXP,2022,7514000000.0,228354000000.0,0.03290505092969687,76800.0,226438447104,Financial Services,1850,Financials,0000004962
AXP,2021,,,,76800.0,226438447104,Financial Services,1850,Financials,0000004962
AIG,2025,3096000000.0,161254000000.0,0.019199523732744615,22100.0,41814093824,Financial Services,1919,Financials,0000005272
AIG,2024,-1404000000.0,161322000000.0,-0.00870309071298397,22100.0,41814093824,Financial Services,1919,Financials,0000005272
AIG,2023,3643000000.0,539306000000.0,0.006754977693554308,22100.0,41814093824,Financial Services,1919,Financials,0000005272
AIG,2022,10227000000.0,522228000000.0,0.019583400353868425,22100.0,41814093824,Financial Services,1919,Financials,0000005272
AIG,2021,,,,22100.0,41814093824,Financial Services,1919,Financials,0000005272
AMT,2025,2529500000.0,63190400000.0,0.04002981465539069,4866.0,81502830592,Real Estate,1995,Real Estate,0001053507
AMT,2024,2255000000.0,61077400000.0,0.036920366616784606,4866.0,81502830592,Real Estate,1995,Real Estate,0001053507
AMT,2023,1483300000.0,66027600000.0,0.022464848033246703,4866.0,81502830592,Real Estate,1995,Real Estate,0001053507
AMT,2022,1765800000.0,67194500000.0,0.026278936520102093,4866.0,81502830592,Real Estate,1995,Real Estate,0001053507
AMT,2021,,,,4866.0,81502830592,Real Estate,1995,Real Estate,0001053507
AWK,2025,1111000000.0,35442000000.0,0.03134698944754811,7000.0,25786738688,Utilities,1886,Utilities,0001410636
AWK,2024,1051000000.0,32830000000.0,0.03201340237587572,7000.0,25786738688,Utilities,1886,Utilities,0001410636
AWK,2023,944000000.0,30298000000.0,0.031157172090567033,7000.0,25786738688,Utilities,1886,Utilities,0001410636
AWK,2022,820000000.0,27787000000.0,0.029510202612732572,7000.0,25786738688,Utilities,1886,Utilities,0001410636
AWK,2021,,,,7000.0,25786738688,Utilities,1886,Utilities,0001410636
AMP,2025,3563000000.0,190904000000.0,0.01866383103549428,13600.0,42836963328,Financial Services,1894,Financials,0000820027
AMP,2024,3401000000.0,181403000000.0,0.018748311769926626,13600.0,42836963328,Financial Services,1894,Financials,0000820027
AMP,2023,2556000000.0,175191000000.0,0.014589790571433465,13600.0,42836963328,Financial Services,1894,Financials,0000820027
AMP,2022,3149000000.0,158852000000.0,0.01982348349406995,13600.0,42836963328,Financial Services,1894,Financials,0000820027
AMP,2021,,,,13600.0,42836963328,Financial Services,1894,Financials,0000820027
AME,2025,1480142000.0,16067543000.0,0.09211999619356862,22500.0,53495939072,Industrials,1930,Industrials,0001037868
AME,2024,1376124000.0,14631169000.0,0.09405427549910741,22500.0,53495939072,Industrials,1930,Industrials,0001037868
AME,2023,1313188000.0,15023533000.0,0.0874087340174911,22500.0,53495939072,Industrials,1930,Industrials,0001037868
AME,2022,1159542000.0,12431120000.0,0.09327735553996744,22500.0,53495939072,Industrials,1930,Industrials,0001037868
AMGN,2025,7711000000.0,90586000000.0,0.0851235290221447,31500.0,185902858240,Healthcare,1980,Health Care,0000318154
AMGN,2024,4090000000.0,91839000000.0,0.044534457038948594,31500.0,185902858240,Healthcare,1980,Health Care,0000318154
AMGN,2023,6717000000.0,97154000000.0,0.06913765773925933,31500.0,185902858240,Healthcare,1980,Health Care,0000318154
AMGN,2022,6552000000.0,65121000000.0,0.10061270557884554,31500.0,185902858240,Healthcare,1980,Health Care,0000318154
AMGN,2021,,,,31500.0,185902858240,Healthcare,1980,Health Care,0000318154
APH,2025,4270300000.0,36236900000.0,0.11784396568139106,170000.0,186787397632,Technology,1932,Information Technology,0000820313
APH,2024,2424000000.0,21440200000.0,0.11305864684098096,170000.0,186787397632,Technology,1932,Information Technology,0000820313
APH,2023,1928000000.0,16526400000.0,0.11666182592700165,170000.0,186787397632,Technology,1932,Information Technology,0000820313
APH,2022,1902300000.0,15326200000.0,0.12412078662682205,170000.0,186787397632,Technology,1932,Information Technology,0000820313
APH,2021,,,,170000.0,186787397632,Technology,1932,Information Technology,0000820313
ADI,2025,2267342000.0,47992712000.0,0.047243464799405374,24500.0,183208361984,Technology,1965,Information Technology,0000006281
ADI,2024,1635273000.0,48228277000.0,0.03390693389274512,24500.0,183208361984,Technology,1965,Information Technology,0000006281
ADI,2023,3314579000.0,48794478000.0,0.06792938741961745,24500.0,183208361984,Technology,1965,Information Technology,0000006281
ADI,2022,2748561000.0,50302350000.0,0.054640807039830146,24500.0,183208361984,Technology,1965,Information Technology,0000006281
ADI,2021,,,,24500.0,183208361984,Technology,1965,Information Technology,0000006281
AON,2025,3695000000.0,50784000000.0,0.07275913673597983,60000.0,72072093696,Financial Services,1982 (1919),Financials,0000315293
AON,2024,2654000000.0,48965000000.0,0.05420198100684162,60000.0,72072093696,Financial Services,1982 (1919),Financials,0000315293
AON,2023,2564000000.0,33959000000.0,0.07550281221472953,60000.0,72072093696,Financial Services,1982 (1919),Financials,0000315293
AON,2022,2589000000.0,32704000000.0,0.07916462818003914,60000.0,72072093696,Financial Services,1982 (1919),Financials,0000315293
AON,2021,,,,60000.0,72072093696,Financial Services,1982 (1919),Financials,0000315293
APA,2025,1434000000.0,17761000000.0,0.080738697145431,1791.0,13287855104,Energy,1954,Energy,0001841666
APA,2024,804000000.0,19390000000.0,0.04146467251160392,1791.0,13287855104,Energy,1954,Energy,0001841666
APA,2023,2855000000.0,15244000000.0,0.18728680136447126,1791.0,13287855104,Energy,1954,Energy,0001841666
APA,2022,3604000000.0,13147000000.0,0.2741309804518141,1791.0,13287855104,Energy,1954,Energy,0001841666
APA,2021,,,,1791.0,13287855104,Energy,1954,Energy,0001841666
APO,2025,3492000000.0,460949000000.0,0.007575675400098492,6140.0,73864577024,Financial Services,1990,Financials,0001858681
APO,2024,4577000000.0,377895000000.0,0.012111830005689411,6140.0,73864577024,Financial Services,1990,Financials,0001858681
APO,2023,5047000000.0,313488000000.0,0.016099499821364775,6140.0,73864577024,Financial Services,1990,Financials,0001858681
APO,2022,-1961000000.0,257217000000.0,-0.007623912882896542,6140.0,73864577024,Financial Services,1990,Financials,0001858681
APO,2021,,,,6140.0,73864577024,Financial Services,1990,Financials,0001858681
AAPL,2025,112010000000.0,359241000000.0,0.3117962593356549,150000.0,3912147140608,Technology,1977,Information Technology,0000320193
AAPL,2024,93736000000.0,364980000000.0,0.25682503150857583,150000.0,3912147140608,Technology,1977,Information Technology,0000320193
AAPL,2023,96995000000.0,352583000000.0,0.27509834563776475,150000.0,3912147140608,Technology,1977,Information Technology,0000320193
AAPL,2022,99803000000.0,352755000000.0,0.2829244092925685,150000.0,3912147140608,Technology,1977,Information Technology,0000320193
AAPL,2021,,,,150000.0,3912147140608,Technology,1977,Information Technology,0000320193
AMAT,2025,6998000000.0,36299000000.0,0.1927876801013802,35500.0,312944164864,Technology,1967,Information Technology,0000006951
AMAT,2024,7177000000.0,34409000000.0,0.20857915080356884,35500.0,312944164864,Technology,1967,Information Technology,0000006951
AMAT,2023,6856000000.0,30729000000.0,0.22311171857203294,35500.0,312944164864,Technology,1967,Information Technology,0000006951
AMAT,2022,6525000000.0,26726000000.0,0.24414427897927113,35500.0,312944164864,Technology,1967,Information Technology,0000006951
AMAT,2021,,,,35500.0,312944164864,Technology,1967,Information Technology,0000006951
APP,2025,3333764000.0,7259610000.0,0.4592208121372911,876.0,159593201664,Communication Services,2012,Information Technology,0001751008
APP,2024,1579790000.0,5869259000.0,0.26916344976427176,876.0,159593201664,Communication Services,2012,Information Technology,0001751008
APP,2023,357211000.0,5359187000.0,0.06665395329552785,876.0,159593201664,Communication Services,2012,Information Technology,0001751008
APP,2022,-192746000.0,5847846000.0,-0.03296017029176213,876.0,159593201664,Communication Services,2012,Information Technology,0001751008
APP,2021,,,,876.0,159593201664,Communication Services,2012,Information Technology,0001751008
APTV,2025,165000000.0,23413000000.0,0.007047366847477897,140000.0,15269681152,Consumer Cyclical,1994,Consumer Discretionary,0001521332
APTV,2024,1787000000.0,23458000000.0,0.07617870236166766,140000.0,15269681152,Consumer Cyclical,1994,Consumer Discretionary,0001521332
APTV,2023,2938000000.0,24427000000.0,0.1202767429483768,140000.0,15269681152,Consumer Cyclical,1994,Consumer Discretionary,0001521332
APTV,2022,594000000.0,21884000000.0,0.02714311825991592,140000.0,15269681152,Consumer Cyclical,1994,Consumer Discretionary,0001521332
APTV,2021,,,,140000.0,15269681152,Consumer Cyclical,1994,Consumer Discretionary,0001521332
ACGL,2025,4399000000.0,79241000000.0,0.05551419088603122,8000.0,35217567744,Financial Services,1995,Financials,0000947484
ACGL,2024,4312000000.0,70906000000.0,0.06081290722928948,8000.0,35217567744,Financial Services,1995,Financials,0000947484
ACGL,2023,4443000000.0,58906000000.0,0.07542525379418055,8000.0,35217567744,Financial Services,1995,Financials,0000947484
ACGL,2022,1476000000.0,47990000000.0,0.030756407584913523,8000.0,35217567744,Financial Services,1995,Financials,0000947484
ACGL,2021,,,,8000.0,35217567744,Financial Services,1995,Financials,0000947484
ADM,2025,1078000000.0,52389000000.0,0.020576838649334784,40798.0,33650735104,Consumer Defensive,1902,Consumer Staples,0000007084
ADM,2024,1800000000.0,53271000000.0,0.0337894914681534,40798.0,33650735104,Consumer Defensive,1902,Consumer Staples,0000007084
ADM,2023,3483000000.0,54631000000.0,0.06375501089125223,40798.0,33650735104,Consumer Defensive,1902,Consumer Staples,0000007084
ADM,2022,4340000000.0,59774000000.0,0.07260681901830227,40798.0,33650735104,Consumer Defensive,1902,Consumer Staples,0000007084
ADM,2021,,,,40798.0,33650735104,Consumer Defensive,1902,Consumer Staples,0000007084
ARES,2025,527362000.0,28633369000.0,0.01841774190106655,3967.0,39657377792,Financial Services,1977,Financials,0001176948
ARES,2024,463742000.0,24884308000.0,0.01863592107926007,3967.0,39657377792,Financial Services,1977,Financials,0001176948
ARES,2023,474326000.0,24730500000.0,0.019179798224864035,3967.0,39657377792,Financial Services,1977,Financials,0001176948
ARES,2022,167541000.0,22002839000.0,0.007614517381143406,3967.0,39657377792,Financial Services,1977,Financials,0001176948
ARES,2021,,,,3967.0,39657377792,Financial Services,1977,Financials,0001176948
ANET,2025,3511400000.0,19448600000.0,0.1805477000915233,5115.0,217660030976,Technology,2004,Information Technology,0001596532
ANET,2024,2852100000.0,14043900000.0,0.2030846132484566,5115.0,217660030976,Technology,2004,Information Technology,0001596532
ANET,2023,2087300000.0,9956635000.0,0.20963909995696337,5115.0,217660030976,Technology,2004,Information Technology,0001596532
ANET,2022,1352446000.0,6775410000.0,0.19961094605344917,5115.0,217660030976,Technology,2004,Information Technology,0001596532
AJG,2025,1494000000.0,70665000000.0,0.02114200806622798,72000.0,57708666880,Financial Services,1927,Financials,0000354190
AJG,2024,1463000000.0,64255000000.0,0.022768656135709282,72000.0,57708666880,Financial Services,1927,Financials,0000354190
AJG,2023,970000000.0,51615800000.0,0.018792695259978533,72000.0,57708666880,Financial Services,1927,Financials,0000354190
AJG,2022,1114200000.0,38358400000.0,0.02904709268374072,72000.0,57708666880,Financial Services,1927,Financials,0000354190
AJG,2021,,,,72000.0,57708666880,Financial Services,1927,Financials,0000354190
AIZ,2025,872700000.0,36289600000.0,0.024048212159957675,14800.0,11399230464,Financial Services,1892,Financials,0001267238
AIZ,2024,760200000.0,35020600000.0,0.02170722374830814,14800.0,11399230464,Financial Services,1892,Financials,0001267238
AIZ,2023,642500000.0,33635200000.0,0.01910201217771858,14800.0,11399230464,Financial Services,1892,Financials,0001267238
AIZ,2022,276600000.0,33117300000.0,0.008352130155538042,14800.0,11399230464,Financial Services,1892,Financials,0001267238
AIZ,2021,,,,14800.0,11399230464,Financial Services,1892,Financials,0001267238
T,2025,21953000000.0,420198000000.0,0.05224441810765401,133030.0,181174927360,Communication Services,1983 (1885),Communication Services,0000732717
T,2024,10948000000.0,394795000000.0,0.027730847655112148,133030.0,181174927360,Communication Services,1983 (1885),Communication Services,0000732717
T,2023,14400000000.0,407060000000.0,0.03537562030167543,133030.0,181174927360,Communication Services,1983 (1885),Communication Services,0000732717
T,2022,-8524000000.0,402853000000.0,-0.02115908284163206,133030.0,181174927360,Communication Services,1983 (1885),Communication Services,0000732717
T,2021,,,,133030.0,181174927360,Communication Services,1983 (1885),Communication Services,0000732717
ATO,2025,1198754000.0,28249522000.0,0.04243448791806106,5487.0,30263744512,Utilities,1906,Utilities,0000731802
ATO,2024,1042895000.0,25194465000.0,0.04139381407781431,5487.0,30263744512,Utilities,1906,Utilities,0000731802
ATO,2023,885862000.0,22516968000.0,0.03934197534943426,5487.0,30263744512,Utilities,1906,Utilities,0000731802
ATO,2022,774398000.0,22192989000.0,0.034893812636053664,5487.0,30263744512,Utilities,1906,Utilities,0000731802
ADSK,2026,1124000000.0,12467000000.0,0.09015801716531643,14300.0,52041760768,Technology,1982,Information Technology,0000769397
ADSK,2025,1112000000.0,10833000000.0,0.10264931228653189,14300.0,52041760768,Technology,1982,Information Technology,0000769397
ADSK,2024,906000000.0,9912000000.0,0.09140435835351089,14300.0,52041760768,Technology,1982,Information Technology,0000769397
ADSK,2023,823000000.0,9438000000.0,0.08720067810976902,14300.0,52041760768,Technology,1982,Information Technology,0000769397
ADSK,2022,,,,14300.0,52041760768,Technology,1982,Information Technology,0000769397
ADP,2025,4079700000.0,53369300000.0,0.07644282387065222,67000.0,82050514944,Technology,1949,Industrials,0000008670
ADP,2024,3752000000.0,54362700000.0,0.06901791117806878,67000.0,82050514944,Technology,1949,Industrials,0000008670
ADP,2023,3412000000.0,50971000000.0,0.06694002471993879,67000.0,82050514944,Technology,1949,Industrials,0000008670
ADP,2022,2948900000.0,63068200000.0,0.04675731985374563,67000.0,82050514944,Technology,1949,Industrials,0000008670
AZO,2025,2498247000.0,19355324000.0,0.1290728587131892,78000.0,59746545664,Consumer Cyclical,1979,Consumer Discretionary,0000866787
AZO,2024,2662427000.0,17176538000.0,0.15500370330738358,78000.0,59746545664,Consumer Cyclical,1979,Consumer Discretionary,0000866787
AZO,2023,2528426000.0,15985878000.0,0.15816622646563422,78000.0,59746545664,Consumer Cyclical,1979,Consumer Discretionary,0000866787
AZO,2022,2429604000.0,15275043000.0,0.15905709725334324,78000.0,59746545664,Consumer Cyclical,1979,Consumer Discretionary,0000866787
AZO,2021,,,,78000.0,59746545664,Consumer Cyclical,1979,Consumer Discretionary,0000866787
AVB,2025,1051301000.0,22192137000.0,0.04737267979194613,3011.0,24113969152,Real Estate,1978,Real Estate,0000915912
AVB,2024,1081994000.0,21000737000.0,0.05152171564264626,3011.0,24113969152,Real Estate,1978,Real Estate,0000915912
AVB,2023,928825000.0,20678214000.0,0.044918047564456,3011.0,24113969152,Real Estate,1978,Real Estate,0000915912
AVB,2022,1136775000.0,20457764000.0,0.05556692314956806,3011.0,24113969152,Real Estate,1978,Real Estate,0000915912
AVB,2021,,,,3011.0,24113969152,Real Estate,1978,Real Estate,0000915912
AVY,2025,688000000.0,8801700000.0,0.0781667177931536,35000.0,13034360832,Consumer Cyclical,1935,Materials,0000008818
AVY,2024,704900000.0,8404200000.0,0.08387472930201566,35000.0,13034360832,Consumer Cyclical,1935,Materials,0000008818
AVY,2023,503000000.0,8209800000.0,0.06126824039562474,35000.0,13034360832,Consumer Cyclical,1935,Materials,0000008818
AVY,2022,757100000.0,7950500000.0,0.09522671530092447,35000.0,13034360832,Consumer Cyclical,1935,Materials,0000008818
AVY,2021,,,,35000.0,13034360832,Consumer Cyclical,1935,Materials,0000008818
AXON,2025,124656000.0,7000313000.0,0.017807203763603143,5100.0,32625295360,Industrials,1993,Industrials,0001069183
AXON,2024,377034000.0,4474588000.0,0.08426116549724802,5100.0,32625295360,Industrials,1993,Industrials,0001069183
AXON,2023,175783000.0,3409174000.0,0.05156175660145244,5100.0,32625295360,Industrials,1993,Industrials,0001069183
AXON,2022,146930000.0,2851894000.0,0.051520147663272196,5100.0,32625295360,Industrials,1993,Industrials,0001069183
AXON,2021,,,,5100.0,32625295360,Industrials,1993,Industrials,0001069183
BKR,2025,2588000000.0,40881000000.0,0.06330569213081871,56000.0,59753381888,Energy,2017,Energy,0001701605
BKR,2024,2979000000.0,38363000000.0,0.07765294684982926,56000.0,59753381888,Energy,2017,Energy,0001701605
BKR,2023,1943000000.0,36945000000.0,0.052591690350521046,56000.0,59753381888,Energy,2017,Energy,0001701605
BKR,2022,-601000000.0,34181000000.0,-0.017582867675024136,56000.0,59753381888,Energy,2017,Energy,0001701605
BKR,2021,,,,56000.0,59753381888,Energy,2017,Energy,0001701605
BALL,2025,912000000.0,19524000000.0,0.04671173939766441,16000.0,16863457280,Consumer Cyclical,1880,Materials,0000009389
BALL,2024,4008000000.0,17628000000.0,0.2273655547991831,16000.0,16863457280,Consumer Cyclical,1880,Materials,0000009389
BALL,2023,707000000.0,19303000000.0,0.036626431124695644,16000.0,16863457280,Consumer Cyclical,1880,Materials,0000009389
BALL,2022,719000000.0,19909000000.0,0.036114320156713044,16000.0,16863457280,Consumer Cyclical,1880,Materials,0000009389
BALL,2021,,,,16000.0,16863457280,Consumer Cyclical,1880,Materials,0000009389
BAC,2025,30509000000.0,3411738000000.0,0.008942363100566338,212134.0,382152507392,Financial Services,1998 (1923 / 1874),Financials,0000070858
BAC,2024,26973000000.0,3261299000000.0,0.00827063081305946,212134.0,382152507392,Financial Services,1998 (1923 / 1874),Financials,0000070858
BAC,2023,26305000000.0,3180151000000.0,0.008271619806732447,212134.0,382152507392,Financial Services,1998 (1923 / 1874),Financials,0000070858
BAC,2022,27528000000.0,3051375000000.0,0.009021506697800172,212134.0,382152507392,Financial Services,1998 (1923 / 1874),Financials,0000070858
BAC,2021,,,,212134.0,382152507392,Financial Services,1998 (1923 / 1874),Financials,0000070858
BAX,2025,-957000000.0,20055000000.0,-0.04771877337322363,37500.0,9545508864,Healthcare,1931,Health Care,0000010456
BAX,2024,-649000000.0,25782000000.0,-0.02517260103948491,37500.0,9545508864,Healthcare,1931,Health Care,0000010456
BAX,2023,2656000000.0,28276000000.0,0.09393124911585797,37500.0,9545508864,Healthcare,1931,Health Care,0000010456
BAX,2022,-2433000000.0,28287000000.0,-0.08601124191324637,37500.0,9545508864,Healthcare,1931,Health Care,0000010456
BAX,2021,,,,37500.0,9545508864,Healthcare,1931,Health Care,0000010456
BDX,2025,1678000000.0,55325000000.0,0.0303298689561681,70000.0,56768020480,Healthcare,1897,Health Care,0000010795
BDX,2024,1705000000.0,57286000000.0,0.02976294382571658,70000.0,56768020480,Healthcare,1897,Health Care,0000010795
BDX,2023,1484000000.0,52780000000.0,0.028116710875331564,70000.0,56768020480,Healthcare,1897,Health Care,0000010795
BDX,2022,1779000000.0,52934000000.0,0.03360788906940718,70000.0,56768020480,Healthcare,1897,Health Care,0000010795
BDX,2021,,,,70000.0,56768020480,Healthcare,1897,Health Care,0000010795
BBY,2026,1069000000.0,14670000000.0,0.07286980231765508,82000.0,13952942080,Consumer Cyclical,1966,Consumer Discretionary,0000764478
BBY,2025,927000000.0,14782000000.0,0.06271140576376674,82000.0,13952942080,Consumer Cyclical,1966,Consumer Discretionary,0000764478
BBY,2024,1241000000.0,14967000000.0,0.08291574797888689,82000.0,13952942080,Consumer Cyclical,1966,Consumer Discretionary,0000764478
BBY,2023,1419000000.0,15803000000.0,0.08979307726381067,82000.0,13952942080,Consumer Cyclical,1966,Consumer Discretionary,0000764478
TECH,2025,73400000.0,2557868000.0,0.028695773198616974,3100.0,9335568384,Healthcare,1976,Health Care,0000842023
TECH,2024,168105000.0,2703867000.0,0.06217206689530217,3100.0,9335568384,Healthcare,1976,Health Care,0000842023
TECH,2023,285263000.0,2638692000.0,0.10810772913246411,3100.0,9335568384,Healthcare,1976,Health Care,0000842023
TECH,2022,272051000.0,2294805000.0,0.11855081368569442,3100.0,9335568384,Healthcare,1976,Health Care,0000842023
BIIB,2025,1292900000.0,29439500000.0,0.04391718609351382,7500.0,27289747456,Healthcare,1978,Health Care,0000875045
BIIB,2024,1632200000.0,28049300000.0,0.0581904004734521,7500.0,27289747456,Healthcare,1978,Health Care,0000875045
BIIB,2023,1161100000.0,26844800000.0,0.04325232447252354,7500.0,27289747456,Healthcare,1978,Health Care,0000875045
BIIB,2022,3046900000.0,24554100000.0,0.1240892559694715,7500.0,27289747456,Healthcare,1978,Health Care,0000875045
BIIB,2021,,,,7500.0,27289747456,Healthcare,1978,Health Care,0000875045
BLK,2025,5553000000.0,169998000000.0,0.0326650901775315,24900.0,162206482432,Financial Services,1988,Financials,0002012383
BLK,2024,6369000000.0,138615000000.0,0.045947408289146195,24900.0,162206482432,Financial Services,1988,Financials,0002012383
BLK,2023,5502000000.0,123211000000.0,0.0446551038462475,24900.0,162206482432,Financial Services,1988,Financials,0002012383
BLK,2022,5178000000.0,117628000000.0,0.04402013126126433,24900.0,162206482432,Financial Services,1988,Financials,0002012383
BX,2025,3019214000.0,47708975000.0,0.06328398377873345,5285.0,157060661248,Financial Services,1985,Financials,0001393818
BX,2024,2776508000.0,43469875000.0,0.06387200331263893,5285.0,157060661248,Financial Services,1985,Financials,0001393818
BX,2023,1390880000.0,40287530000.0,0.03452383404989087,5285.0,157060661248,Financial Services,1985,Financials,0001393818
BX,2022,1747631000.0,42524227000.0,0.041097302015625115,5285.0,157060661248,Financial Services,1985,Financials,0001393818
XYZ,2025,1305636000.0,39549887000.0,0.03301238256382376,10205.0,43599966208,Technology,2009,Financials,0001512673
XYZ,2024,2897047000.0,36777595000.0,0.07877206217535432,10205.0,43599966208,Technology,2009,Financials,0001512673
XYZ,2023,9772000.0,33031308000.0,0.0002958405401324101,10205.0,43599966208,Technology,2009,Financials,0001512673
XYZ,2022,-540747000.0,31364340000.0,-0.017240821901560816,10205.0,43599966208,Technology,2009,Financials,0001512673
XYZ,2021,,,,10205.0,43599966208,Technology,2009,Financials,0001512673
BK,2025,5549000000.0,472300000000.0,0.011748888418378149,47200.0,94920269824,Financial Services,1784,Financials,0001390777
BK,2024,4530000000.0,416064000000.0,0.010887748038763268,47200.0,94920269824,Financial Services,1784,Financials,0001390777
BK,2023,3302000000.0,409877000000.0,0.008056075359193124,47200.0,94920269824,Financial Services,1784,Financials,0001390777
BK,2022,2556000000.0,405783000000.0,0.00629893317364207,47200.0,94920269824,Financial Services,1784,Financials,0001390777
BK,2021,,,,47200.0,94920269824,Financial Services,1784,Financials,0001390777
BA,2025,2235000000.0,168235000000.0,0.013284988260468986,182000.0,172225609728,Industrials,1916,Industrials,0000012927
BA,2024,-11817000000.0,156363000000.0,-0.0755741447784962,182000.0,172225609728,Industrials,1916,Industrials,0000012927
BA,2023,-2222000000.0,137012000000.0,-0.01621755758619683,182000.0,172225609728,Industrials,1916,Industrials,0000012927
BA,2022,-4935000000.0,137100000000.0,-0.03599562363238512,182000.0,172225609728,Industrials,1916,Industrials,0000012927
BKNG,2025,5404000000.0,29264000000.0,0.18466375068343358,23571.0,151129374720,Consumer Cyclical,1996,Consumer Discretionary,0001075531
BKNG,2024,5882000000.0,27708000000.0,0.2122852605745633,23571.0,151129374720,Consumer Cyclical,1996,Consumer Discretionary,0001075531
BKNG,2023,4289000000.0,24342000000.0,0.17619751869197273,23571.0,151129374720,Consumer Cyclical,1996,Consumer Discretionary,0001075531
BKNG,2022,3058000000.0,25361000000.0,0.1205788415283309,23571.0,151129374720,Consumer Cyclical,1996,Consumer Discretionary,0001075531
BKNG,2021,,,,23571.0,151129374720,Consumer Cyclical,1996,Consumer Discretionary,0001075531
BSX,2025,2898000000.0,43673000000.0,0.06635678794678634,59000.0,88457142272,Healthcare,1979,Health Care,0000885725
BSX,2024,1854000000.0,39395000000.0,0.04706180987434953,59000.0,88457142272,Healthcare,1979,Health Care,0000885725
BSX,2023,1593000000.0,35136000000.0,0.04533811475409836,59000.0,88457142272,Healthcare,1979,Health Care,0000885725
BSX,2022,698000000.0,32469000000.0,0.021497428316240106,59000.0,88457142272,Healthcare,1979,Health Care,0000885725
BSX,2021,,,,59000.0,88457142272,Healthcare,1979,Health Care,0000885725
BMY,2025,7054000000.0,90038000000.0,0.07834469890490682,32500.0,121258663936,Healthcare,1989 (1887),Health Care,0000014272
BMY,2024,-8948000000.0,92603000000.0,-0.09662753906460914,32500.0,121258663936,Healthcare,1989 (1887),Health Care,0000014272
BMY,2023,8025000000.0,95159000000.0,0.08433253817295264,32500.0,121258663936,Healthcare,1989 (1887),Health Care,0000014272
BMY,2022,6327000000.0,96820000000.0,0.06534806858087172,32500.0,121258663936,Healthcare,1989 (1887),Health Care,0000014272
BMY,2021,,,,32500.0,121258663936,Healthcare,1989 (1887),Health Care,0000014272
AVGO,2025,23126000000.0,171092000000.0,0.13516704463095877,33000.0,1906798100480,Technology,1961,Information Technology,0001730168
AVGO,2024,5895000000.0,165645000000.0,0.03558815539255637,33000.0,1906798100480,Technology,1961,Information Technology,0001730168
AVGO,2023,14082000000.0,72861000000.0,0.1932721208877177,33000.0,1906798100480,Technology,1961,Information Technology,0001730168
AVGO,2022,11495000000.0,73249000000.0,0.15693047004054664,33000.0,1906798100480,Technology,1961,Information Technology,0001730168
AVGO,2021,,,,33000.0,1906798100480,Technology,1961,Information Technology,0001730168
BR,2025,839500000.0,8545000000.0,0.09824458747805734,15000.0,18898112512,Technology,1962,Industrials,0001383312
BR,2024,698100000.0,8242400000.0,0.0846962049888382,15000.0,18898112512,Technology,1962,Industrials,0001383312
BR,2023,630600000.0,8233200000.0,0.07659233347908469,15000.0,18898112512,Technology,1962,Industrials,0001383312
BR,2022,539100000.0,8168800000.0,0.06599500538634806,15000.0,18898112512,Technology,1962,Industrials,0001383312
BRO,2025,1054000000.0,29991000000.0,0.03514387649628222,22888.0,23471960064,Financial Services,1939,Financials,0000079282
BRO,2024,993000000.0,17612000000.0,0.056382012264365206,22888.0,23471960064,Financial Services,1939,Financials,0000079282
BRO,2023,871000000.0,14883000000.0,0.05852314721494322,22888.0,23471960064,Financial Services,1939,Financials,0000079282
BRO,2022,672000000.0,13973500000.0,0.04809102944859914,22888.0,23471960064,Financial Services,1939,Financials,0000079282
BLDR,2025,435199000.0,11237530000.0,0.038727282596798404,28000.0,9927911424,Industrials,1998,Industrials,0001316835
BLDR,2024,1077898000.0,10583086000.0,0.10185101018738768,28000.0,9927911424,Industrials,1998,Industrials,0001316835
BLDR,2023,1540555000.0,10499452000.0,0.1467271815710001,28000.0,9927911424,Industrials,1998,Industrials,0001316835
BLDR,2022,2749369000.0,10595160000.0,0.2594929194084846,28000.0,9927911424,Industrials,1998,Industrials,0001316835
BG,2025,816000000.0,44528000000.0,0.018325547969816745,34000.0,24387164160,Consumer Defensive,1818,Consumer Staples,0001996862
BG,2024,1137000000.0,24899000000.0,0.0456644845174505,34000.0,24387164160,Consumer Defensive,1818,Consumer Staples,0001996862
BG,2023,2243000000.0,25372000000.0,0.08840454043827842,34000.0,24387164160,Consumer Defensive,1818,Consumer Staples,0001996862
BG,2022,1610000000.0,24580000000.0,0.06550040683482507,34000.0,24387164160,Consumer Defensive,1818,Consumer Staples,0001996862
BG,2021,,,,34000.0,24387164160,Consumer Defensive,1818,Consumer Staples,0001996862
BXP,2025,276800000.0,26166164000.0,0.010578547164957004,826.0,10357171200,Real Estate,1970,Real Estate,0001037540
BXP,2024,14272000.0,26084980000.0,0.0005471347879124308,826.0,10357171200,Real Estate,1970,Real Estate,0001037540
BXP,2023,190215000.0,26026149000.0,0.007308611043454796,826.0,10357171200,Real Estate,1970,Real Estate,0001037540
BXP,2022,848947000.0,24207669000.0,0.03506934104229532,826.0,10357171200,Real Estate,1970,Real Estate,0001037540
BXP,2021,,,,826.0,10357171200,Real Estate,1970,Real Estate,0001037540
CHRW,2025,587081000.0,5058381000.0,0.11606104799144232,11736.0,21783529472,Industrials,1905,Industrials,0001043277
CHRW,2024,465690000.0,5297926000.0,0.08790043500041336,11736.0,21783529472,Industrials,1905,Industrials,0001043277
CHRW,2023,325129000.0,5225280000.0,0.06222231153163084,11736.0,21783529472,Industrials,1905,Industrials,0001043277
CHRW,2022,940524000.0,5954564000.0,0.15795010348364716,11736.0,21783529472,Industrials,1905,Industrials,0001043277
CDNS,2025,1108888000.0,10153148000.0,0.10921617610616924,13800.0,89961840640,Technology,1988,Information Technology,0000813672
CDNS,2024,1055484000.0,8974482000.0,0.1176094620280034,13800.0,89961840640,Technology,1988,Information Technology,0000813672
CDNS,2023,1041144000.0,5669491000.0,0.18363976589785574,13800.0,89961840640,Technology,1988,Information Technology,0000813672
CDNS,2022,848952000.0,5137071000.0,0.16525993119425447,13800.0,89961840640,Technology,1988,Information Technology,0000813672
CPT,2025,384462000.0,9042989000.0,0.042514925098327556,1640.0,10732372992,Real Estate,1981,Real Estate,0000906345
CPT,2024,163293000.0,8852144000.0,0.018446717540970867,1640.0,10732372992,Real Estate,1981,Real Estate,0000906345
CPT,2023,403309000.0,9383737000.0,0.04297957199780855,1640.0,10732372992,Real Estate,1981,Real Estate,0000906345
CPT,2022,653613000.0,9327935000.0,0.07007049255810638,1640.0,10732372992,Real Estate,1981,Real Estate,0000906345
CPT,2021,,,,1640.0,10732372992,Real Estate,1981,Real Estate,0000906345
CPB,2025,602000000.0,14896000000.0,0.040413533834586464,13700.0,6234243072,Consumer Defensive,1869,Consumer Staples,0000016732
CPB,2024,567000000.0,15235000000.0,0.03721693468985888,13700.0,6234243072,Consumer Defensive,1869,Consumer Staples,0000016732
CPB,2023,858000000.0,12058000000.0,0.07115607895173329,13700.0,6234243072,Consumer Defensive,1869,Consumer Staples,0000016732
CPB,2022,757000000.0,11892000000.0,0.06365623948873192,13700.0,6234243072,Consumer Defensive,1869,Consumer Staples,0000016732
CPB,2021,,,,13700.0,6234243072,Consumer Defensive,1869,Consumer Staples,0000016732
COF,2025,2453000000.0,669009000000.0,0.0036666173399759945,76300.0,125941145600,Financial Services,1994,Financials,0000927628
COF,2024,4750000000.0,490144000000.0,0.009691029574982047,76300.0,125941145600,Financial Services,1994,Financials,0000927628
COF,2023,4887000000.0,478464000000.0,0.01021393459069021,76300.0,125941145600,Financial Services,1994,Financials,0000927628
COF,2022,7360000000.0,455249000000.0,0.016166976753381117,76300.0,125941145600,Financial Services,1994,Financials,0000927628
CAH,2025,1561000000.0,53122000000.0,0.02938518881066225,53084.0,48220958720,Healthcare,1971,Health Care,0000721371
CAH,2024,852000000.0,45121000000.0,0.018882560226945323,53084.0,48220958720,Healthcare,1971,Health Care,0000721371
CAH,2023,330000000.0,43349000000.0,0.007612632355994371,53084.0,48220958720,Healthcare,1971,Health Care,0000721371
CAH,2022,-938000000.0,43878000000.0,-0.021377455672546605,53084.0,48220958720,Healthcare,1971,Health Care,0000721371
CAH,2021,,,,53084.0,48220958720,Healthcare,1971,Health Care,0000721371
CCL,2025,2760000000.0,51687000000.0,0.053398340008125836,160000.0,37897420800,Consumer Cyclical,1972,Consumer Discretionary,0000815097
CCL,2024,1916000000.0,49057000000.0,0.03905660761970769,160000.0,37897420800,Consumer Cyclical,1972,Consumer Discretionary,0000815097
CCL,2023,-74000000.0,49120000000.0,-0.001506514657980456,160000.0,37897420800,Consumer Cyclical,1972,Consumer Discretionary,0000815097
CCL,2022,-6093000000.0,51703000000.0,-0.11784615979730383,160000.0,37897420800,Consumer Cyclical,1972,Consumer Discretionary,0000815097
CCL,2021,,,,160000.0,37897420800,Consumer Cyclical,1972,Consumer Discretionary,0000815097
CARR,2025,1484000000.0,37190000000.0,0.03990319978488841,47000.0,51579928576,Industrials,"2020 (1915, United Technologies spinoff)",Industrials,0001783180
CARR,2024,5604000000.0,37403000000.0,0.14982755393952357,47000.0,51579928576,Industrials,"2020 (1915, United Technologies spinoff)",Industrials,0001783180
CARR,2023,1349000000.0,32822000000.0,0.04110048138443727,47000.0,51579928576,Industrials,"2020 (1915, United Technologies spinoff)",Industrials,0001783180
CARR,2022,3534000000.0,26086000000.0,0.1354749674154719,47000.0,51579928576,Industrials,"2020 (1915, United Technologies spinoff)",Industrials,0001783180
CARR,2021,,,,47000.0,51579928576,Industrials,"2020 (1915, United Technologies spinoff)",Industrials,0001783180
CVNA,2025,1407000000.0,13201000000.0,0.10658283463373987,23100.0,88484339712,Consumer Cyclical,2012,Consumer Discretionary,0001690820
CVNA,2024,210000000.0,8484000000.0,0.024752475247524754,23100.0,88484339712,Consumer Cyclical,2012,Consumer Discretionary,0001690820
CVNA,2023,450000000.0,7071000000.0,0.06364022061943148,23100.0,88484339712,Consumer Cyclical,2012,Consumer Discretionary,0001690820
CVNA,2022,-1587000000.0,8698000000.0,-0.1824557369510232,23100.0,88484339712,Consumer Cyclical,2012,Consumer Discretionary,0001690820
CVNA,2021,,,,23100.0,88484339712,Consumer Cyclical,2012,Consumer Discretionary,0001690820
CASY,2025,546520000.0,8208118000.0,0.06658286345298642,23338.0,28979668992,Consumer Cyclical,1967,Consumer Staples,0000726958
CASY,2024,501972000.0,6347433000.0,0.07908267798966921,23338.0,28979668992,Consumer Cyclical,1967,Consumer Staples,0000726958
CASY,2023,446691000.0,5943270000.0,0.07515912957008515,23338.0,28979668992,Consumer Cyclical,1967,Consumer Staples,0000726958
CASY,2022,339790000.0,5505730000.0,0.06171570345803372,23338.0,28979668992,Consumer Cyclical,1967,Consumer Staples,0000726958
CAT,2025,8884000000.0,98585000000.0,0.0901151290764315,118000.0,374594273280,Industrials,1925,Industrials,0000018230
CAT,2024,10792000000.0,87764000000.0,0.12296613645686158,118000.0,374594273280,Industrials,1925,Industrials,0000018230
CAT,2023,10335000000.0,87476000000.0,0.11814669166399927,118000.0,374594273280,Industrials,1925,Industrials,0000018230
CAT,2022,6705000000.0,81943000000.0,0.08182517115555936,118000.0,374594273280,Industrials,1925,Industrials,0000018230
CAT,2021,,,,118000.0,374594273280,Industrials,1925,Industrials,0000018230
CBOE,2025,1100000000.0,9305300000.0,0.11821220164852289,1661.0,31344123904,Financial Services,1973,Financials,0001374310
CBOE,2024,764900000.0,7789100000.0,0.09820133263149786,1661.0,31344123904,Financial Services,1973,Financials,0001374310
CBOE,2023,761400000.0,7487500000.0,0.10168948247078465,1661.0,31344123904,Financial Services,1973,Financials,0001374310
CBOE,2022,235000000.0,6998900000.0,0.03357670491077169,1661.0,31344123904,Financial Services,1973,Financials,0001374310
CBOE,2021,,,,1661.0,31344123904,Financial Services,1973,Financials,0001374310
CBRE,2025,1157000000.0,30877000000.0,0.037471256922628496,155000.0,44229513216,Real Estate,1906,Real Estate,0001138118
CBRE,2024,968000000.0,24383000000.0,0.03969979083787885,155000.0,44229513216,Real Estate,1906,Real Estate,0001138118
CBRE,2023,986000000.0,22548000000.0,0.04372893383005145,155000.0,44229513216,Real Estate,1906,Real Estate,0001138118
CBRE,2022,1407000000.0,20513000000.0,0.06859064983181397,155000.0,44229513216,Real Estate,1906,Real Estate,0001138118
CBRE,2021,,,,155000.0,44229513216,Real Estate,1906,Real Estate,0001138118
CDW,2025,1066600000.0,16028200000.0,0.06654521406021886,14800.0,18240983040,Technology,1984,Information Technology,0001402057
CDW,2024,1077800000.0,14678400000.0,0.07342762153913233,14800.0,18240983040,Technology,1984,Information Technology,0001402057
CDW,2023,1104300000.0,13284600000.0,0.08312632672417687,14800.0,18240983040,Technology,1984,Information Technology,0001402057
CDW,2022,1114500000.0,13131500000.0,0.08487225374100446,14800.0,18240983040,Technology,1984,Information Technology,0001402057
CDW,2021,,,,14800.0,18240983040,Technology,1984,Information Technology,0001402057
COR,2025,1554169000.0,76590112000.0,0.020292031953158655,47000.0,60769443840,Healthcare,1985,Health Care,0001140859
COR,2024,1509120000.0,67101667000.0,0.022490052296316274,47000.0,60769443840,Healthcare,1985,Health Care,0001140859
COR,2023,1745293000.0,62558746000.0,0.02789846522818728,47000.0,60769443840,Healthcare,1985,Health Care,0001140859
COR,2022,1698820000.0,56560616000.0,0.03003538716763622,47000.0,60769443840,Healthcare,1985,Health Care,0001140859
COR,2021,,,,47000.0,60769443840,Healthcare,1985,Health Care,0001140859
CNC,2025,-6674000000.0,76747000000.0,-0.08696105385226784,61100.0,19247974400,Healthcare,1984,Health Care,0001071739
CNC,2024,3305000000.0,82445000000.0,0.04008733094790466,61100.0,19247974400,Healthcare,1984,Health Care,0001071739
CNC,2023,2702000000.0,84641000000.0,0.03192306329084014,61100.0,19247974400,Healthcare,1984,Health Care,0001071739
CNC,2022,1202000000.0,76870000000.0,0.015636789384675425,61100.0,19247974400,Healthcare,1984,Health Care,0001071739
CNC,2021,,,,61100.0,19247974400,Healthcare,1984,Health Care,0001071739
CNP,2025,1052000000.0,46534000000.0,0.02260712597240727,8794.0,27638396928,Utilities,1882,Utilities,0001130310
CNP,2024,1019000000.0,43768000000.0,0.02328184975324438,8794.0,27638396928,Utilities,1882,Utilities,0001130310
CNP,2023,917000000.0,39715000000.0,0.02308951277854715,8794.0,27638396928,Utilities,1882,Utilities,0001130310
CNP,2022,1057000000.0,38546000000.0,0.027421781767239143,8794.0,27638396928,Utilities,1882,Utilities,0001130310
CNP,2021,,,,8794.0,27638396928,Utilities,1882,Utilities,0001130310
CF,2025,1455000000.0,14088000000.0,0.1032793867120954,2900.0,18641563648,Basic Materials,1946,Materials,0001324404
CF,2024,1218000000.0,13466000000.0,0.09045002227833061,2900.0,18641563648,Basic Materials,1946,Materials,0001324404
CF,2023,1525000000.0,14376000000.0,0.10607957707289928,2900.0,18641563648,Basic Materials,1946,Materials,0001324404
CF,2022,3346000000.0,13313000000.0,0.25133328325696686,2900.0,18641563648,Basic Materials,1946,Materials,0001324404
CF,2021,,,,2900.0,18641563648,Basic Materials,1946,Materials,0001324404
CRL,2025,-144338000.0,7135422000.0,-0.020228376121272155,18300.0,9034513408,Healthcare,1947,Health Care,0001100682
CRL,2024,10297000.0,7528345000.0,0.001367764096889821,18300.0,9034513408,Healthcare,1947,Health Care,0001100682
CRL,2023,474624000.0,8195001000.0,0.057916283353717714,18300.0,9034513408,Healthcare,1947,Health Care,0001100682
CRL,2022,486226000.0,7602770000.0,0.06395379578758795,18300.0,9034513408,Healthcare,1947,Health Care,0001100682
SCHW,2025,8852000000.0,490995000000.0,0.01802869682990662,33500.0,161150795776,Financial Services,1971,Financials,0000316709
SCHW,2024,5942000000.0,479843000000.0,0.012383217010563871,33500.0,161150795776,Financial Services,1971,Financials,0000316709
SCHW,2023,5067000000.0,493178000000.0,0.010274180924534347,33500.0,161150795776,Financial Services,1971,Financials,0000316709
SCHW,2022,7183000000.0,551772000000.0,0.013018058183452585,33500.0,161150795776,Financial Services,1971,Financials,0000316709
SCHW,2021,,,,33500.0,161150795776,Financial Services,1971,Financials,0000316709
CHTR,2025,4987000000.0,154213000000.0,0.03233838911116443,91900.0,30638503936,Communication Services,1993,Communication Services,0001091667
CHTR,2024,5083000000.0,150020000000.0,0.033882149046793764,91900.0,30638503936,Communication Services,1993,Communication Services,0001091667
CHTR,2023,4557000000.0,147193000000.0,0.030959352686608738,91900.0,30638503936,Communication Services,1993,Communication Services,0001091667
CHTR,2022,5055000000.0,144523000000.0,0.03497713166762384,91900.0,30638503936,Communication Services,1993,Communication Services,0001091667
CHTR,2021,,,,91900.0,30638503936,Communication Services,1993,Communication Services,0001091667
CVX,2025,12299000000.0,324012000000.0,0.03795847067392566,43039.0,370453315584,Energy,1879,Energy,0000093410
CVX,2024,17661000000.0,256938000000.0,0.06873642668659365,43039.0,370453315584,Energy,1879,Energy,0000093410
CVX,2023,21369000000.0,261632000000.0,0.08167578889432485,43039.0,370453315584,Energy,1879,Energy,0000093410
CVX,2022,35465000000.0,257709000000.0,0.13761645887415652,43039.0,370453315584,Energy,1879,Energy,0000093410
CMG,2025,1535761000.0,8994531000.0,0.17074386646730108,130301.0,47668121600,Consumer Cyclical,1993,Consumer Discretionary,0001058090
CMG,2024,1534110000.0,9204374000.0,0.16667184536395413,130301.0,47668121600,Consumer Cyclical,1993,Consumer Discretionary,0001058090
CMG,2023,1228737000.0,8044362000.0,0.15274511515021327,130301.0,47668121600,Consumer Cyclical,1993,Consumer Discretionary,0001058090
CMG,2022,899101000.0,6927504000.0,0.12978714988832918,130301.0,47668121600,Consumer Cyclical,1993,Consumer Discretionary,0001058090
CMG,2021,,,,130301.0,47668121600,Consumer Cyclical,1993,Consumer Discretionary,0001058090
CB,2025,10310000000.0,272327000000.0,0.03785889757534141,45000.0,128785719296,Financial Services,1985,Financials,0000896159
CB,2024,9272000000.0,246548000000.0,0.03760728134075312,45000.0,128785719296,Financial Services,1985,Financials,0000896159
CB,2023,9028000000.0,230682000000.0,0.03913612678925967,45000.0,128785719296,Financial Services,1985,Financials,0000896159
CB,2022,5246000000.0,199017000000.0,0.026359557223754753,45000.0,128785719296,Financial Services,1985,Financials,0000896159
CB,2021,,,,45000.0,128785719296,Financial Services,1985,Financials,0000896159
CHD,2025,736800000.0,8912400000.0,0.08267133432072168,5550.0,22079127552,Consumer Defensive,1847,Consumer Staples,0000313927
CHD,2024,585300000.0,8883100000.0,0.06588916031565557,5550.0,22079127552,Consumer Defensive,1847,Consumer Staples,0000313927
CHD,2023,755600000.0,8569200000.0,0.08817625916071511,5550.0,22079127552,Consumer Defensive,1847,Consumer Staples,0000313927
CHD,2022,413900000.0,8345600000.0,0.049594996165644174,5550.0,22079127552,Consumer Defensive,1847,Consumer Staples,0000313927
CIEN,2025,123338000.0,5864667000.0,0.021030691086126457,8898.0,71570604032,Technology,1992,Information Technology,0000936395
CIEN,2024,83956000.0,5641337000.0,0.014882287656277226,8898.0,71570604032,Technology,1992,Information Technology,0000936395
CIEN,2023,254827000.0,5601495000.0,0.04549267650868206,8898.0,71570604032,Technology,1992,Information Technology,0000936395
CIEN,2022,152902000.0,5069632000.0,0.03016037455973136,8898.0,71570604032,Technology,1992,Information Technology,0000936395
CIEN,2021,,,,8898.0,71570604032,Technology,1992,Information Technology,0000936395
CI,2025,5957000000.0,157919000000.0,0.03772187007263217,65669.0,73911042048,Healthcare,1982,Health Care,0001739940
CI,2024,3434000000.0,155881000000.0,0.022029625162784432,65669.0,73911042048,Healthcare,1982,Health Care,0001739940
CI,2023,5164000000.0,152761000000.0,0.033804439614823156,65669.0,73911042048,Healthcare,1982,Health Care,0001739940
CI,2022,6704000000.0,143885000000.0,0.04659276505542621,65669.0,73911042048,Healthcare,1982,Health Care,0001739940
CINF,2025,2393000000.0,41002000000.0,0.058363006682600846,5705.0,25915527168,Financial Services,1950,Financials,0000020286
CINF,2024,2292000000.0,36501000000.0,0.06279280019725487,5705.0,25915527168,Financial Services,1950,Financials,0000020286
CINF,2023,1843000000.0,32769000000.0,0.0562421801092496,5705.0,25915527168,Financial Services,1950,Financials,0000020286
CINF,2022,-487000000.0,29732000000.0,-0.016379658280640388,5705.0,25915527168,Financial Services,1950,Financials,0000020286
CTAS,2025,1812281000.0,9825241000.0,0.18445155696435334,48300.0,70519349248,Industrials,1929,Industrials,0000723254
CTAS,2024,1571592000.0,9168817000.0,0.17140619122401504,48300.0,70519349248,Industrials,1929,Industrials,0000723254
CTAS,2023,1348010000.0,8546356000.0,0.15772921230990145,48300.0,70519349248,Industrials,1929,Industrials,0000723254
CTAS,2022,1235757000.0,8147256000.0,0.15167769369220754,48300.0,70519349248,Industrials,1929,Industrials,0000723254
CTAS,2021,,,,48300.0,70519349248,Industrials,1929,Industrials,0000723254
CSCO,2025,10180000000.0,122291000000.0,0.08324406538502424,86200.0,354413182976,Technology,1984,Information Technology,0000858877
CSCO,2024,10320000000.0,124413000000.0,0.08294953099756457,86200.0,354413182976,Technology,1984,Information Technology,0000858877
CSCO,2023,12613000000.0,101852000000.0,0.12383654714684052,86200.0,354413182976,Technology,1984,Information Technology,0000858877
CSCO,2022,11812000000.0,94002000000.0,0.12565690091700177,86200.0,354413182976,Technology,1984,Information Technology,0000858877
C,2025,14306000000.0,2657202000000.0,0.0053838586603502485,224000.0,230350323712,Financial Services,1998,Financials,0000831001
C,2024,12682000000.0,2352945000000.0,0.005389841241507982,224000.0,230350323712,Financial Services,1998,Financials,0000831001
C,2023,9228000000.0,2411834000000.0,0.0038261339710776113,224000.0,230350323712,Financial Services,1998,Financials,0000831001
C,2022,14845000000.0,2416676000000.0,0.006142734897023846,224000.0,230350323712,Financial Services,1998,Financials,0000831001
CFG,2025,1831000000.0,226351000000.0,0.008089206586231119,17380.0,27819341824,Financial Services,1828,Financials,0000759944
CFG,2024,1509000000.0,217521000000.0,0.006937261229950212,17380.0,27819341824,Financial Services,1828,Financials,0000759944
CFG,2023,1608000000.0,221964000000.0,0.007244418013731956,17380.0,27819341824,Financial Services,1828,Financials,0000759944
CFG,2022,2073000000.0,226733000000.0,0.00914291258881592,17380.0,27819341824,Financial Services,1828,Financials,0000759944
CFG,2021,,,,17380.0,27819341824,Financial Services,1828,Financials,0000759944
CLX,2025,810000000.0,5561000000.0,0.14565725588922857,7600.0,12150465536,Consumer Defensive,1913,Consumer Staples,0000021076
CLX,2024,280000000.0,5751000000.0,0.04868718483741958,7600.0,12150465536,Consumer Defensive,1913,Consumer Staples,0000021076
CLX,2023,149000000.0,5945000000.0,0.025063078216989068,7600.0,12150465536,Consumer Defensive,1913,Consumer Staples,0000021076
CLX,2022,462000000.0,6158000000.0,0.07502435855797336,7600.0,12150465536,Consumer Defensive,1913,Consumer Staples,0000021076
CLX,2021,,,,7600.0,12150465536,Consumer Defensive,1913,Consumer Staples,0000021076
CME,2025,4072200000.0,198424200000.0,0.020522698340222613,3875.0,103182622720,Financial Services,1848,Financials,0001156375
CME,2024,3525800000.0,137447000000.0,0.025652069524980538,3875.0,103182622720,Financial Services,1848,Financials,0001156375
CME,2023,3226200000.0,129706100000.0,0.024873155541643762,3875.0,103182622720,Financial Services,1848,Financials,0001156375
CME,2022,2691000000.0,174175700000.0,0.015449916377542906,3875.0,103182622720,Financial Services,1848,Financials,0001156375
CME,2021,,,,3875.0,103182622720,Financial Services,1848,Financials,0001156375
CMS,2025,1071000000.0,39941000000.0,0.02681455146340853,8350.0,23278387200,Utilities,1886,Utilities,0000811156
CMS,2024,1003000000.0,35920000000.0,0.027923162583518932,8350.0,23278387200,Utilities,1886,Utilities,0000811156
CMS,2023,887000000.0,33517000000.0,0.026464182355222722,8350.0,23278387200,Utilities,1886,Utilities,0000811156
CMS,2022,837000000.0,31353000000.0,0.026696009951200843,8350.0,23278387200,Utilities,1886,Utilities,0000811156
CMS,2021,,,,8350.0,23278387200,Utilities,1886,Utilities,0000811156
KO,2025,13107000000.0,104816000000.0,0.1250477026408182,65900.0,321520238592,Consumer Defensive,1886,Consumer Staples,0000021344
KO,2024,10631000000.0,100549000000.0,0.1057295447990532,65900.0,321520238592,Consumer Defensive,1886,Consumer Staples,0000021344
KO,2023,10714000000.0,97703000000.0,0.10965886410857395,65900.0,321520238592,Consumer Defensive,1886,Consumer Staples,0000021344
KO,2022,9542000000.0,92763000000.0,0.10286428856332805,65900.0,321520238592,Consumer Defensive,1886,Consumer Staples,0000021344
KO,2021,,,,65900.0,321520238592,Consumer Defensive,1886,Consumer Staples,0000021344
CTSH,2025,2230000000.0,20692000000.0,0.10777111927314904,351600.0,29175980032,Technology,1994,Information Technology,0001058290
CTSH,2024,2240000000.0,19966000000.0,0.11219072423119303,351600.0,29175980032,Technology,1994,Information Technology,0001058290
CTSH,2023,2126000000.0,18483000000.0,0.11502461721581994,351600.0,29175980032,Technology,1994,Information Technology,0001058290
CTSH,2022,2290000000.0,17852000000.0,0.12827694375980284,351600.0,29175980032,Technology,1994,Information Technology,0001058290
COHR,2025,49364000.0,14910936000.0,0.0033105902942645584,30216.0,64454389760,Technology,1971,Information Technology,0000820318
COHR,2024,-156154000.0,14488634000.0,-0.010777689601379951,30216.0,64454389760,Technology,1971,Information Technology,0000820318
COHR,2023,-259458000.0,13711133000.0,-0.018923162659132547,30216.0,64454389760,Technology,1971,Information Technology,0000820318
COHR,2022,234759000.0,7844846000.0,0.02992525283479115,30216.0,64454389760,Technology,1971,Information Technology,0000820318
COHR,2021,,,,30216.0,64454389760,Technology,1971,Information Technology,0000820318
COIN,2025,1260327000.0,29671832000.0,0.04247553706828753,4951.0,52839407616,Financial Services,2012,Financials,0001679788
COIN,2024,2579066000.0,22541951000.0,0.11441183595865327,4951.0,52839407616,Financial Services,2012,Financials,0001679788
COIN,2023,94871000.0,14753901000.0,0.006430231570619865,4951.0,52839407616,Financial Services,2012,Financials,0001679788
COIN,2022,-2624949000.0,89724873000.0,-0.02925553318977671,4951.0,52839407616,Financial Services,2012,Financials,0001679788
COIN,2021,,,,4951.0,52839407616,Financial Services,2012,Financials,0001679788
CL,2025,2132000000.0,16330000000.0,0.13055725658297612,33600.0,65636315136,Consumer Defensive,1806,Consumer Staples,0000021665
CL,2024,2889000000.0,16046000000.0,0.1800448709958868,33600.0,65636315136,Consumer Defensive,1806,Consumer Staples,0000021665
CL,2023,2300000000.0,16393000000.0,0.14030378820228145,33600.0,65636315136,Consumer Defensive,1806,Consumer Staples,0000021665
CL,2022,1785000000.0,15731000000.0,0.11347021804081114,33600.0,65636315136,Consumer Defensive,1806,Consumer Staples,0000021665
CL,2021,,,,33600.0,65636315136,Consumer Defensive,1806,Consumer Staples,0000021665
CMCSA,2025,19998000000.0,272631000000.0,0.07335189321830606,179000.0,105855131648,Communication Services,1963,Communication Services,0001166691
CMCSA,2024,16192000000.0,266211000000.0,0.0608239328953349,179000.0,105855131648,Communication Services,1963,Communication Services,0001166691
CMCSA,2023,15388000000.0,264811000000.0,0.058109368568526235,179000.0,105855131648,Communication Services,1963,Communication Services,0001166691
CMCSA,2022,5370000000.0,257275000000.0,0.020872607132445826,179000.0,105855131648,Communication Services,1963,Communication Services,0001166691
CMCSA,2021,,,,179000.0,105855131648,Communication Services,1963,Communication Services,0001166691
FIX,2025,1022558000.0,6441169000.0,0.15875348092869476,22700.0,58903592960,Industrials,1997,Industrials,0001035983
FIX,2024,522433000.0,4711088000.0,0.11089434117978691,22700.0,58903592960,Industrials,1997,Industrials,0001035983
FIX,2023,323398000.0,3305579000.0,0.09783399519418534,22700.0,58903592960,Industrials,1997,Industrials,0001035983
FIX,2022,245947000.0,2597478000.0,0.09468684624085363,22700.0,58903592960,Industrials,1997,Industrials,0001035983
CAG,2025,1152400000.0,20933900000.0,0.05504946522148286,18300.0,7018673152,Consumer Defensive,1919,Consumer Staples,0000023217
CAG,2024,347200000.0,20862300000.0,0.01664246032316667,18300.0,7018673152,Consumer Defensive,1919,Consumer Staples,0000023217
CAG,2023,683600000.0,22052600000.0,0.03099861240851419,18300.0,7018673152,Consumer Defensive,1919,Consumer Staples,0000023217
CAG,2022,888200000.0,22435100000.0,0.03958974998997107,18300.0,7018673152,Consumer Defensive,1919,Consumer Staples,0000023217
CAG,2021,,,,18300.0,7018673152,Consumer Defensive,1919,Consumer Staples,0000023217
COP,2025,7988000000.0,121939000000.0,0.06550816391802458,9900.0,146998509568,Energy,2002,Energy,0001163165
COP,2024,9245000000.0,122780000000.0,0.07529727968724548,9900.0,146998509568,Energy,2002,Energy,0001163165
COP,2023,10957000000.0,95924000000.0,0.11422584546098995,9900.0,146998509568,Energy,2002,Energy,0001163165
COP,2022,18680000000.0,93829000000.0,0.19908557055920878,9900.0,146998509568,Energy,2002,Energy,0001163165
COP,2021,,,,9900.0,146998509568,Energy,2002,Energy,0001163165
ED,2025,2023000000.0,74603000000.0,0.027116871975657816,15407.0,39859494912,Utilities,1823,Utilities,0001047862
ED,2024,1820000000.0,70562000000.0,0.02579291970182251,15407.0,39859494912,Utilities,1823,Utilities,0001047862
ED,2023,2519000000.0,66331000000.0,0.03797621021844989,15407.0,39859494912,Utilities,1823,Utilities,0001047862
ED,2022,1660000000.0,69065000000.0,0.024035329037862884,15407.0,39859494912,Utilities,1823,Utilities,0001047862
ED,2021,,,,15407.0,39859494912,Utilities,1823,Utilities,0001047862
STZ,2026,,,,,27324033024,Consumer Defensive,1945,Consumer Staples,0000016918
STZ,2025,-81400000.0,21652300000.0,-0.0037594158588233123,,27324033024,Consumer Defensive,1945,Consumer Staples,0000016918
STZ,2024,1727400000.0,25691700000.0,0.06723572204252735,,27324033024,Consumer Defensive,1945,Consumer Staples,0000016918
STZ,2023,-71000000.0,24662300000.0,-0.0028788880193655903,,27324033024,Consumer Defensive,1945,Consumer Staples,0000016918
STZ,2022,-40400000.0,25855800000.0,-0.0015625120862630434,,27324033024,Consumer Defensive,1945,Consumer Staples,0000016918
CEG,2025,2319000000.0,57249000000.0,0.04050725776869465,15291.0,100609228800,Utilities,1999,Utilities,0001868275
CEG,2024,3749000000.0,52926000000.0,0.07083475040622757,15291.0,100609228800,Utilities,1999,Utilities,0001868275
CEG,2023,1623000000.0,50758000000.0,0.03197525513219591,15291.0,100609228800,Utilities,1999,Utilities,0001868275
CEG,2022,-160000000.0,46909000000.0,-0.0034108593233707816,15291.0,100609228800,Utilities,1999,Utilities,0001868275
CEG,2021,,,,15291.0,100609228800,Utilities,1999,Utilities,0001868275
COO,2025,374900000.0,12394800000.0,0.030246555006938392,15000.0,13131199488,Healthcare,1958,Health Care,0000711404
COO,2024,392300000.0,12315200000.0,0.03185494348447447,15000.0,13131199488,Healthcare,1958,Health Care,0000711404
COO,2023,294200000.0,11658900000.0,0.025233941452452634,15000.0,13131199488,Healthcare,1958,Health Care,0000711404
COO,2022,385800000.0,11492300000.0,0.03357030359458072,15000.0,13131199488,Healthcare,1958,Health Care,0000711404
COO,2021,,,,15000.0,13131199488,Healthcare,1958,Health Care,0000711404
CPRT,2025,1552449000.0,10090902000.0,0.15384640540558217,13800.0,32660918272,Industrials,1982,Industrials,0000900075
CPRT,2024,1363020000.0,8427764000.0,0.16172973044807615,13800.0,32660918272,Industrials,1982,Industrials,0000900075
CPRT,2023,1237741000.0,6737879000.0,0.18369890584262497,13800.0,32660918272,Industrials,1982,Industrials,0000900075
CPRT,2022,1090130000.0,5308864000.0,0.20534148171812275,13800.0,32660918272,Industrials,1982,Industrials,0000900075
CPRT,2021,,,,13800.0,32660918272,Industrials,1982,Industrials,0000900075
GLW,2025,1596000000.0,30976000000.0,0.05152376033057851,67200.0,142124007424,Technology,1851,Information Technology,0000024741
GLW,2024,506000000.0,27735000000.0,0.018244095907697856,67200.0,142124007424,Technology,1851,Information Technology,0000024741
GLW,2023,581000000.0,28500000000.0,0.020385964912280702,67200.0,142124007424,Technology,1851,Information Technology,0000024741
GLW,2022,1316000000.0,29499000000.0,0.044611681751923794,67200.0,142124007424,Technology,1851,Information Technology,0000024741
GLW,2021,,,,67200.0,142124007424,Technology,1851,Information Technology,0000024741
CPAY,2025,1069826000.0,26408135000.0,0.040511228831570274,11800.0,22451832832,Technology,2000,Financials,0001175454
CPAY,2024,1003746000.0,17957031000.0,0.05589710236619851,11800.0,22451832832,Technology,2000,Financials,0001175454
CPAY,2023,981890000.0,15476252000.0,0.06344494778193066,11800.0,22451832832,Technology,2000,Financials,0001175454
CPAY,2022,954327000.0,14089260000.0,0.06773435936308933,11800.0,22451832832,Technology,2000,Financials,0001175454
CPAY,2021,,,,11800.0,22451832832,Technology,2000,Financials,0001175454
CTVA,2025,1094000000.0,42845000000.0,0.025533901272027076,21500.0,54037303296,Basic Materials,2019,Materials,0001755672
CTVA,2024,907000000.0,40825000000.0,0.022216778934476423,21500.0,54037303296,Basic Materials,2019,Materials,0001755672
CTVA,2023,735000000.0,42996000000.0,0.017094613452414177,21500.0,54037303296,Basic Materials,2019,Materials,0001755672
CTVA,2022,1147000000.0,42618000000.0,0.026913510723168613,21500.0,54037303296,Basic Materials,2019,Materials,0001755672
CSGP,2025,7000000.0,10538000000.0,0.0006642626684380338,8441.0,16490944512,Real Estate,1987,Real Estate,0001057352
CSGP,2024,139000000.0,9257000000.0,0.015015663821972561,8441.0,16490944512,Real Estate,1987,Real Estate,0001057352
CSGP,2023,375000000.0,8919700000.0,0.042041772705360046,8441.0,16490944512,Real Estate,1987,Real Estate,0001057352
CSGP,2022,369500000.0,8402500000.0,0.04397500743826242,8441.0,16490944512,Real Estate,1987,Real Estate,0001057352
CSGP,2021,,,,8441.0,16490944512,Real Estate,1987,Real Estate,0001057352
COST,2025,8099000000.0,77099000000.0,0.10504675806430692,341000.0,446448304128,Consumer Defensive,1976,Consumer Staples,0000909832
COST,2024,7367000000.0,69831000000.0,0.1054975583909725,341000.0,446448304128,Consumer Defensive,1976,Consumer Staples,0000909832
COST,2023,6292000000.0,68994000000.0,0.09119633591326783,341000.0,446448304128,Consumer Defensive,1976,Consumer Staples,0000909832
COST,2022,5844000000.0,64166000000.0,0.0910762709222953,341000.0,446448304128,Consumer Defensive,1976,Consumer Staples,0000909832
COST,2021,,,,341000.0,446448304128,Consumer Defensive,1976,Consumer Staples,0000909832
CTRA,2025,1717000000.0,24241000000.0,0.07083041128666309,1075.0,24185380864,Energy,2021 (1989),Energy,0000858470
CTRA,2024,1121000000.0,21625000000.0,0.051838150289017344,1075.0,24185380864,Energy,2021 (1989),Energy,0000858470
CTRA,2023,1625000000.0,20415000000.0,0.07959833455792309,1075.0,24185380864,Energy,2021 (1989),Energy,0000858470
CTRA,2022,4065000000.0,20154000000.0,0.2016969336111938,1075.0,24185380864,Energy,2021 (1989),Energy,0000858470
CTRA,2021,,,,1075.0,24185380864,Energy,2021 (1989),Energy,0000858470
CRH,2025,3730000000.0,58329000000.0,0.06394760753655986,83032.0,78420000768,Basic Materials,1970,Materials,0000849395
CRH,2024,3458000000.0,50613000000.0,0.06832236777112599,83032.0,78420000768,Basic Materials,1970,Materials,0000849395
CRH,2023,3154000000.0,47469000000.0,0.06644336303692937,83032.0,78420000768,Basic Materials,1970,Materials,0000849395
CRH,2022,3862000000.0,45319000000.0,0.08521812043513759,83032.0,78420000768,Basic Materials,1970,Materials,0000849395
CRH,2021,,,,83032.0,78420000768,Basic Materials,1970,Materials,0000849395
CRWD,2026,-162502000.0,11086684000.0,-0.014657403421979015,10698.0,114027429888,Technology,2011,Information Technology,0001535527
CRWD,2025,-15241000.0,8701578000.0,-0.0017515213907178676,10698.0,114027429888,Technology,2011,Information Technology,0001535527
CRWD,2024,72181000.0,6646520000.0,0.010859968825791542,10698.0,114027429888,Technology,2011,Information Technology,0001535527
CRWD,2023,-183245000.0,5026540000.0,-0.03645549423659217,10698.0,114027429888,Technology,2011,Information Technology,0001535527
CRWD,2022,,,,10698.0,114027429888,Technology,2011,Information Technology,0001535527
CCI,2025,444000000.0,31518000000.0,0.0140871882733676,1500.0,37056315392,Real Estate,1994,Real Estate,0001051470
CCI,2024,-3903000000.0,32736000000.0,-0.11922653958944282,1500.0,37056315392,Real Estate,1994,Real Estate,0001051470
CCI,2023,1502000000.0,38527000000.0,0.03898564642977652,1500.0,37056315392,Real Estate,1994,Real Estate,0001051470
CCI,2022,1675000000.0,38921000000.0,0.04303589321959867,1500.0,37056315392,Real Estate,1994,Real Estate,0001051470
CCI,2021,,,,1500.0,37056315392,Real Estate,1994,Real Estate,0001051470
CSX,2025,2889000000.0,43682000000.0,0.06613708163545626,23000.0,80667893760,Industrials,1980,Industrials,0000277948
CSX,2024,3470000000.0,42764000000.0,0.08114301749134786,23000.0,80667893760,Industrials,1980,Industrials,0000277948
CSX,2023,3668000000.0,42212000000.0,0.08689472188003411,23000.0,80667893760,Industrials,1980,Industrials,0000277948
CSX,2022,4114000000.0,41912000000.0,0.09815804542851689,23000.0,80667893760,Industrials,1980,Industrials,0000277948
CSX,2021,,,,23000.0,80667893760,Industrials,1980,Industrials,0000277948
CMI,2025,2843000000.0,33992000000.0,0.08363732642974818,67400.0,88345108480,Industrials,1919,Industrials,0000026172
CMI,2024,3946000000.0,31540000000.0,0.12511097019657577,67400.0,88345108480,Industrials,1919,Industrials,0000026172
CMI,2023,735000000.0,32005000000.0,0.022965161693485392,67400.0,88345108480,Industrials,1919,Industrials,0000026172
CMI,2022,2151000000.0,30299000000.0,0.07099244199478531,67400.0,88345108480,Industrials,1919,Industrials,0000026172
CMI,2021,,,,67400.0,88345108480,Industrials,1919,Industrials,0000026172
CVS,2025,1768000000.0,253538000000.0,0.006973313665012739,219000.0,99144916992,Healthcare,1996,Health Care,0000064803
CVS,2024,4614000000.0,253215000000.0,0.01822166933238552,219000.0,99144916992,Healthcare,1996,Health Care,0000064803
CVS,2023,8344000000.0,249728000000.0,0.03341235263967196,219000.0,99144916992,Healthcare,1996,Health Care,0000064803
CVS,2022,4311000000.0,228275000000.0,0.018885116635636842,219000.0,99144916992,Healthcare,1996,Health Care,0000064803
CVS,2021,,,,219000.0,99144916992,Healthcare,1996,Health Care,0000064803
DHR,2025,3614000000.0,83464000000.0,0.043300105434678424,58000.0,137689694208,Healthcare,1969,Health Care,0000313616
DHR,2024,3899000000.0,77542000000.0,0.05028242758762993,58000.0,137689694208,Healthcare,1969,Health Care,0000313616
DHR,2023,4764000000.0,84488000000.0,0.05638670580437458,58000.0,137689694208,Healthcare,1969,Health Care,0000313616
DHR,2022,7209000000.0,84350000000.0,0.08546532305868405,58000.0,137689694208,Healthcare,1969,Health Care,0000313616
DHR,2021,,,,58000.0,137689694208,Healthcare,1969,Health Care,0000313616
DRI,2025,1049600000.0,12587000000.0,0.08338762214983714,197924.0,22676674560,Consumer Cyclical,1938,Consumer Discretionary,0000940944
DRI,2024,1027600000.0,11323000000.0,0.09075333392210545,197924.0,22676674560,Consumer Cyclical,1938,Consumer Discretionary,0000940944
DRI,2023,981900000.0,10241500000.0,0.09587462774007714,197924.0,22676674560,Consumer Cyclical,1938,Consumer Discretionary,0000940944
DRI,2022,952800000.0,10135800000.0,0.09400343337477061,197924.0,22676674560,Consumer Cyclical,1938,Consumer Discretionary,0000940944
DRI,2021,,,,197924.0,22676674560,Consumer Cyclical,1938,Consumer Discretionary,0000940944
DDOG,2025,107741000.0,6643844000.0,0.01621666613484603,8100.0,45749436416,Technology,2010,Information Technology,0001561550
DDOG,2024,183746000.0,5785339000.0,0.03176062802888474,8100.0,45749436416,Technology,2010,Information Technology,0001561550
DDOG,2023,48568000.0,3936072000.0,0.012339205177141068,8100.0,45749436416,Technology,2010,Information Technology,0001561550
DDOG,2022,-50160000.0,3004852000.0,-0.016693001851671895,8100.0,45749436416,Technology,2010,Information Technology,0001561550
DVA,2025,746803000.0,17480103000.0,0.04272303200959399,78000.0,10020664320,Healthcare,1979,Health Care,0000927066
DVA,2024,936342000.0,17285268000.0,0.05416994402400935,78000.0,10020664320,Healthcare,1979,Health Care,0000927066
DVA,2023,691535000.0,16893578000.0,0.040934785987906175,78000.0,10020664320,Healthcare,1979,Health Care,0000927066
DVA,2022,560400000.0,16928252000.0,0.03310442212226047,78000.0,10020664320,Healthcare,1979,Health Care,0000927066
DVA,2021,,,,78000.0,10020664320,Healthcare,1979,Health Care,0000927066
DECK,2025,966091000.0,3570252000.0,0.2705946246931589,5500.0,16056708096,Consumer Cyclical,1973,Consumer Discretionary,0000910521
DECK,2024,759563000.0,3135579000.0,0.2422401094024421,5500.0,16056708096,Consumer Cyclical,1973,Consumer Discretionary,0000910521
DECK,2023,516822000.0,2556203000.0,0.20218347290884175,5500.0,16056708096,Consumer Cyclical,1973,Consumer Discretionary,0000910521
DECK,2022,451949000.0,2332250000.0,0.1937823989709508,5500.0,16056708096,Consumer Cyclical,1973,Consumer Discretionary,0000910521
DE,2025,5027000000.0,105996000000.0,0.04742631797426318,73100.0,158634016768,Industrials,1837,Industrials,0000315189
DE,2024,7100000000.0,107320000000.0,0.06615728661945583,73100.0,158634016768,Industrials,1837,Industrials,0000315189
DE,2023,10166000000.0,104087000000.0,0.09766829671332636,73100.0,158634016768,Industrials,1837,Industrials,0000315189
DE,2022,7131000000.0,90030000000.0,0.07920693102299234,73100.0,158634016768,Industrials,1837,Industrials,0000315189
DE,2021,,,,73100.0,158634016768,Industrials,1837,Industrials,0000315189
DELL,2026,5936000000.0,101286000000.0,0.05860632269020398,97000.0,138074079232,Technology,2016,Information Technology,0001571996
DELL,2025,4592000000.0,79746000000.0,0.057582825470870014,97000.0,138074079232,Technology,2016,Information Technology,0001571996
DELL,2024,3388000000.0,82126000000.0,0.041253683364586125,97000.0,138074079232,Technology,2016,Information Technology,0001571996
DELL,2023,2442000000.0,89611000000.0,0.02725111872426376,97000.0,138074079232,Technology,2016,Information Technology,0001571996
DELL,2022,,,,97000.0,138074079232,Technology,2016,Information Technology,0001571996
DAL,2025,5005000000.0,81317000000.0,0.06154924554521195,103000.0,46134128640,Industrials,1929,Industrials,0000027904
DAL,2024,3457000000.0,75372000000.0,0.04586583877301916,103000.0,46134128640,Industrials,1929,Industrials,0000027904
DAL,2023,4609000000.0,73644000000.0,0.0625848677421107,103000.0,46134128640,Industrials,1929,Industrials,0000027904
DAL,2022,1318000000.0,72288000000.0,0.01823262505533422,103000.0,46134128640,Industrials,1929,Industrials,0000027904
DAL,2021,,,,103000.0,46134128640,Industrials,1929,Industrials,0000027904
DVN,2025,2642000000.0,31599000000.0,0.08361024083040602,2200.0,28338354176,Energy,1971,Energy,0001090012
DVN,2024,2891000000.0,30489000000.0,0.09482108301354587,2200.0,28338354176,Energy,1971,Energy,0001090012
DVN,2023,3747000000.0,24490000000.0,0.15300122498979174,2200.0,28338354176,Energy,1971,Energy,0001090012
DVN,2022,6015000000.0,23721000000.0,0.25357278360945995,2200.0,28338354176,Energy,1971,Energy,0001090012
DVN,2021,,,,2200.0,28338354176,Energy,1971,Energy,0001090012
