heterogeneity,structure,tau,K,seed,shock_every,final_fitness
homogeneous,V,0.5,5,1,100,0.7294180171443272
homogeneous,V,0.5,5,1,10,0.6442256515717693
homogeneous,V,0.5,5,1,3,0.6762907552727622
homogeneous,V,0.5,5,2,100,0.6934442487896942
homogeneous,V,0.5,5,2,10,0.6262611026962337
homogeneous,V,0.5,5,2,3,0.7699324976235253
homogeneous,V,0.5,5,3,100,0.7239264487478498
homogeneous,V,0.5,5,3,10,0.6714419747375017
homogeneous,V,0.5,5,3,3,0.7283029415581355
homogeneous,V,0.5,5,4,100,0.6949227661769559
homogeneous,V,0.5,5,4,10,0.7187226965216916
homogeneous,V,0.5,5,4,3,0.6877012950568534
homogeneous,V,0.5,5,5,100,0.6654855606553001
homogeneous,V,0.5,5,5,10,0.733651609625121
homogeneous,V,0.5,5,5,3,0.6883941348287903
homogeneous,V,0.5,5,6,100,0.6722334635136473
homogeneous,V,0.5,5,6,10,0.6907116035456234
homogeneous,V,0.5,5,6,3,0.7091182702616456
homogeneous,V,0.5,5,7,100,0.6446114525386596
homogeneous,V,0.5,5,7,10,0.6791773961848874
homogeneous,V,0.5,5,7,3,0.6534638731947182
homogeneous,V,0.5,5,8,100,0.7158018719661442
homogeneous,V,0.5,5,8,10,0.7110063083528507
homogeneous,V,0.5,5,8,3,0.6615871710985101
homogeneous,V,0.5,5,9,100,0.7280442777452708
homogeneous,V,0.5,5,9,10,0.785478745698583
homogeneous,V,0.5,5,9,3,0.6812707625157475
homogeneous,V,0.5,5,10,100,0.6673076311402422
homogeneous,V,0.5,5,10,10,0.6988480052015614
homogeneous,V,0.5,5,10,3,0.7658130425597075
homogeneous,V,0.5,5,11,100,0.6641182209506916
homogeneous,V,0.5,5,11,10,0.7065690489000821
homogeneous,V,0.5,5,11,3,0.6247561969620957
homogeneous,V,0.5,5,12,100,0.7612281514819198
homogeneous,V,0.5,5,12,10,0.7812252511132591
homogeneous,V,0.5,5,12,3,0.6562643533048564
homogeneous,V,0.5,5,13,100,0.6820988695997456
homogeneous,V,0.5,5,13,10,0.6939023574783658
homogeneous,V,0.5,5,13,3,0.6627703651230205
homogeneous,V,0.5,5,14,100,0.7091717310855289
homogeneous,V,0.5,5,14,10,0.6809257492971394
homogeneous,V,0.5,5,14,3,0.7496396043946427
homogeneous,V,0.5,5,15,100,0.7138891532368451
homogeneous,V,0.5,5,15,10,0.7390680711647563
homogeneous,V,0.5,5,15,3,0.7907683156608838
homogeneous,V,0.5,5,16,100,0.7644197900908705
homogeneous,V,0.5,5,16,10,0.6126014002483494
homogeneous,V,0.5,5,16,3,0.7232948378633985
homogeneous,V,0.5,5,17,100,0.7572992647880514
homogeneous,V,0.5,5,17,10,0.6983072171507498
homogeneous,V,0.5,5,17,3,0.7400218913084482
homogeneous,V,0.5,5,18,100,0.7662938848234037
homogeneous,V,0.5,5,18,10,0.5994918487989244
homogeneous,V,0.5,5,18,3,0.6810088726228333
homogeneous,V,0.5,5,19,100,0.7546006551795448
homogeneous,V,0.5,5,19,10,0.7009799460533169
homogeneous,V,0.5,5,19,3,0.6887802473163143
homogeneous,V,0.5,5,20,100,0.7309515537647885
homogeneous,V,0.5,5,20,10,0.7264016284813096
homogeneous,V,0.5,5,20,3,0.6008836670784495
homogeneous,H,0.5,5,1,100,0.7768092704460419
homogeneous,H,0.5,5,1,10,0.7508140625105723
homogeneous,H,0.5,5,1,3,0.6769268762302285
homogeneous,H,0.5,5,2,100,0.7426570194228685
homogeneous,H,0.5,5,2,10,0.7392935723895325
homogeneous,H,0.5,5,2,3,0.4728389873105687
homogeneous,H,0.5,5,3,100,0.747456363330411
homogeneous,H,0.5,5,3,10,0.684697691855426
homogeneous,H,0.5,5,3,3,0.4988769603336597
homogeneous,H,0.5,5,4,100,0.7378555187516199
homogeneous,H,0.5,5,4,10,0.6522562647696598
homogeneous,H,0.5,5,4,3,0.6486505617461352
homogeneous,H,0.5,5,5,100,0.7638741891950858
homogeneous,H,0.5,5,5,10,0.6512107845298732
homogeneous,H,0.5,5,5,3,0.7059063475733868
homogeneous,H,0.5,5,6,100,0.7876224746849373
homogeneous,H,0.5,5,6,10,0.6639553310312727
homogeneous,H,0.5,5,6,3,0.7115850005845252
homogeneous,H,0.5,5,7,100,0.8015576680946822
homogeneous,H,0.5,5,7,10,0.5509302881775265
homogeneous,H,0.5,5,7,3,0.6300254298035932
homogeneous,H,0.5,5,8,100,0.7361810809859546
homogeneous,H,0.5,5,8,10,0.6299790787421325
homogeneous,H,0.5,5,8,3,0.5685719219266311
homogeneous,H,0.5,5,9,100,0.7793458585463651
homogeneous,H,0.5,5,9,10,0.54525239790986
homogeneous,H,0.5,5,9,3,0.6007020421069933
homogeneous,H,0.5,5,10,100,0.7149498730701491
homogeneous,H,0.5,5,10,10,0.7364949059671084
homogeneous,H,0.5,5,10,3,0.6846401048493442
homogeneous,H,0.5,5,11,100,0.733383691328114
homogeneous,H,0.5,5,11,10,0.584779270076141
homogeneous,H,0.5,5,11,3,0.5478156992313087
homogeneous,H,0.5,5,12,100,0.7007250987671776
homogeneous,H,0.5,5,12,10,0.6737004698889042
homogeneous,H,0.5,5,12,3,0.7278126446512176
homogeneous,H,0.5,5,13,100,0.7481608671957409
homogeneous,H,0.5,5,13,10,0.7015555427678285
homogeneous,H,0.5,5,13,3,0.5229937315572013
homogeneous,H,0.5,5,14,100,0.7161710521894029
homogeneous,H,0.5,5,14,10,0.5782747011186815
homogeneous,H,0.5,5,14,3,0.6237137097549336
homogeneous,H,0.5,5,15,100,0.6948110009771454
homogeneous,H,0.5,5,15,10,0.5674733436902873
homogeneous,H,0.5,5,15,3,0.5542590436809153
homogeneous,H,0.5,5,16,100,0.7644197900908705
homogeneous,H,0.5,5,16,10,0.6514647168491395
homogeneous,H,0.5,5,16,3,0.6739228043340503
homogeneous,H,0.5,5,17,100,0.7526559475798146
homogeneous,H,0.5,5,17,10,0.6287595141538782
homogeneous,H,0.5,5,17,3,0.6190850837590626
homogeneous,H,0.5,5,18,100,0.7662938848234037
homogeneous,H,0.5,5,18,10,0.6384827359344548
homogeneous,H,0.5,5,18,3,0.6584912605260018
homogeneous,H,0.5,5,19,100,0.7354431606522817
homogeneous,H,0.5,5,19,10,0.663354237906966
homogeneous,H,0.5,5,19,3,0.6418517800753001
homogeneous,H,0.5,5,20,100,0.7494652105134428
homogeneous,H,0.5,5,20,10,0.7001220582661204
homogeneous,H,0.5,5,20,3,0.5188136263620263
homogeneous,Hy,0.5,5,1,100,0.7577516998537192
homogeneous,Hy,0.5,5,1,10,0.6495868086950161
homogeneous,Hy,0.5,5,1,3,0.7924050882388065
homogeneous,Hy,0.5,5,2,100,0.7283073896062059
homogeneous,Hy,0.5,5,2,10,0.5847614999114128
homogeneous,Hy,0.5,5,2,3,0.7480903517524405
homogeneous,Hy,0.5,5,3,100,0.7643113726659856
homogeneous,Hy,0.5,5,3,10,0.5925804003150968
homogeneous,Hy,0.5,5,3,3,0.7509327007081708
homogeneous,Hy,0.5,5,4,100,0.7160295730626269
homogeneous,Hy,0.5,5,4,10,0.7154909882222265
homogeneous,Hy,0.5,5,4,3,0.6230174153422618
homogeneous,Hy,0.5,5,5,100,0.7692206847120143
homogeneous,Hy,0.5,5,5,10,0.6695848102185007
homogeneous,Hy,0.5,5,5,3,0.7096003443978492
homogeneous,Hy,0.5,5,6,100,0.7876224746849373
homogeneous,Hy,0.5,5,6,10,0.7019520514926361
homogeneous,Hy,0.5,5,6,3,0.5848843045565432
homogeneous,Hy,0.5,5,7,100,0.8015576680946822
homogeneous,Hy,0.5,5,7,10,0.5828656292552523
homogeneous,Hy,0.5,5,7,3,0.5063984003731832
homogeneous,Hy,0.5,5,8,100,0.7061696244110747
homogeneous,Hy,0.5,5,8,10,0.7608046208154174
homogeneous,Hy,0.5,5,8,3,0.725037557466887
homogeneous,Hy,0.5,5,9,100,0.7290750231128854
homogeneous,Hy,0.5,5,9,10,0.6548478467616703
homogeneous,Hy,0.5,5,9,3,0.5568431027614722
homogeneous,Hy,0.5,5,10,100,0.7532703184288388
homogeneous,Hy,0.5,5,10,10,0.703641364719122
homogeneous,Hy,0.5,5,10,3,0.7696531316900639
homogeneous,Hy,0.5,5,11,100,0.730906066831478
homogeneous,Hy,0.5,5,11,10,0.7474980397664592
homogeneous,Hy,0.5,5,11,3,0.5738028636434047
homogeneous,Hy,0.5,5,12,100,0.8017331575342647
homogeneous,Hy,0.5,5,12,10,0.6972690975983263
homogeneous,Hy,0.5,5,12,3,0.6272490109384766
homogeneous,Hy,0.5,5,13,100,0.746317083566874
homogeneous,Hy,0.5,5,13,10,0.714776905936938
homogeneous,Hy,0.5,5,13,3,0.5808122241852182
homogeneous,Hy,0.5,5,14,100,0.7276321513363845
homogeneous,Hy,0.5,5,14,10,0.5424394098191447
homogeneous,Hy,0.5,5,14,3,0.64072467653962
homogeneous,Hy,0.5,5,15,100,0.7889263765002634
homogeneous,Hy,0.5,5,15,10,0.6488039217137872
homogeneous,Hy,0.5,5,15,3,0.7502113819950995
homogeneous,Hy,0.5,5,16,100,0.7545160566072053
homogeneous,Hy,0.5,5,16,10,0.6066401676891441
homogeneous,Hy,0.5,5,16,3,0.7683404276862675
homogeneous,Hy,0.5,5,17,100,0.7526559475798146
homogeneous,Hy,0.5,5,17,10,0.6394073456355798
homogeneous,Hy,0.5,5,17,3,0.5645726514143665
homogeneous,Hy,0.5,5,18,100,0.8030963861512234
homogeneous,Hy,0.5,5,18,10,0.7309997829715041
homogeneous,Hy,0.5,5,18,3,0.6067545711753403
homogeneous,Hy,0.5,5,19,100,0.7863540618413184
homogeneous,Hy,0.5,5,19,10,0.6438473129631622
homogeneous,Hy,0.5,5,19,3,0.6189148757365089
homogeneous,Hy,0.5,5,20,100,0.7096513625494699
homogeneous,Hy,0.5,5,20,10,0.5889221179609246
homogeneous,Hy,0.5,5,20,3,0.7167545602789163
mild,V,0.5,5,1,100,0.7577516998537192
mild,V,0.5,5,1,10,0.6129715806598103
mild,V,0.5,5,1,3,0.777289576461805
mild,V,0.5,5,2,100,0.7315721456818383
mild,V,0.5,5,2,10,0.7175404406059165
mild,V,0.5,5,2,3,0.7586298064048627
mild,V,0.5,5,3,100,0.6875968743299955
mild,V,0.5,5,3,10,0.6760597674326508
mild,V,0.5,5,3,3,0.6886047581764664
mild,V,0.5,5,4,100,0.6754685597353335
mild,V,0.5,5,4,10,0.6859472172078745
mild,V,0.5,5,4,3,0.6968549904597888
mild,V,0.5,5,5,100,0.6769984373823931
mild,V,0.5,5,5,10,0.6983711609762794
mild,V,0.5,5,5,3,0.6744988240706484
mild,V,0.5,5,6,100,0.7644250386107916
mild,V,0.5,5,6,10,0.7030617831341481
mild,V,0.5,5,6,3,0.7147945206643908
mild,V,0.5,5,7,100,0.8015576680946822
mild,V,0.5,5,7,10,0.6463271101187562
mild,V,0.5,5,7,3,0.6172026509875335
mild,V,0.5,5,8,100,0.6633316455606152
mild,V,0.5,5,8,10,0.7405414160359025
mild,V,0.5,5,8,3,0.7702440917559726
mild,V,0.5,5,9,100,0.7296375699091163
mild,V,0.5,5,9,10,0.7126318007196737
mild,V,0.5,5,9,3,0.6782570765721474
mild,V,0.5,5,10,100,0.6968916080937136
mild,V,0.5,5,10,10,0.7664717812177197
mild,V,0.5,5,10,3,0.7119148264747083
mild,V,0.5,5,11,100,0.6821321436384118
mild,V,0.5,5,11,10,0.7112240153419525
mild,V,0.5,5,11,3,0.6384821596568198
mild,V,0.5,5,12,100,0.7208255184934739
mild,V,0.5,5,12,10,0.6625995488818596
mild,V,0.5,5,12,3,0.6731798958179108
mild,V,0.5,5,13,100,0.706029856501315
mild,V,0.5,5,13,10,0.6689036325366186
mild,V,0.5,5,13,3,0.7012424038914158
mild,V,0.5,5,14,100,0.6781480352903055
mild,V,0.5,5,14,10,0.6155270965561882
mild,V,0.5,5,14,3,0.6698654758725934
mild,V,0.5,5,15,100,0.7560076280872922
mild,V,0.5,5,15,10,0.591760402913826
mild,V,0.5,5,15,3,0.6657350852179138
mild,V,0.5,5,16,100,0.6980093763123324
mild,V,0.5,5,16,10,0.6449577825517558
mild,V,0.5,5,16,3,0.7173279012401339
mild,V,0.5,5,17,100,0.6817854680018036
mild,V,0.5,5,17,10,0.713137019442955
mild,V,0.5,5,17,3,0.6779171458269898
mild,V,0.5,5,18,100,0.632236528715048
mild,V,0.5,5,18,10,0.761682977890516
mild,V,0.5,5,18,3,0.6581210730539405
mild,V,0.5,5,19,100,0.742604800010225
mild,V,0.5,5,19,10,0.6466677250516337
mild,V,0.5,5,19,3,0.7303017052946259
mild,V,0.5,5,20,100,0.7197310335074811
mild,V,0.5,5,20,10,0.7343289341515817
mild,V,0.5,5,20,3,0.6620639849996589
mild,H,0.5,5,1,100,0.7236388042194495
mild,H,0.5,5,1,10,0.6415161364148129
mild,H,0.5,5,1,3,0.5639957857002097
mild,H,0.5,5,2,100,0.7298830666918456
mild,H,0.5,5,2,10,0.5762525215962654
mild,H,0.5,5,2,3,0.628258418326402
mild,H,0.5,5,3,100,0.7322258971267277
mild,H,0.5,5,3,10,0.5319671609320196
mild,H,0.5,5,3,3,0.5387901652581998
mild,H,0.5,5,4,100,0.6866353708668075
mild,H,0.5,5,4,10,0.6917494282019498
mild,H,0.5,5,4,3,0.6328317781853043
mild,H,0.5,5,5,100,0.7757717286832498
mild,H,0.5,5,5,10,0.5789746507780317
mild,H,0.5,5,5,3,0.648668940180693
mild,H,0.5,5,6,100,0.7267205442355109
mild,H,0.5,5,6,10,0.6016152479817657
mild,H,0.5,5,6,3,0.6684941994150532
mild,H,0.5,5,7,100,0.7483954463250015
mild,H,0.5,5,7,10,0.6856171892244031
mild,H,0.5,5,7,3,0.6159408604884122
mild,H,0.5,5,8,100,0.8003920922289061
mild,H,0.5,5,8,10,0.6521643467889053
mild,H,0.5,5,8,3,0.6682658576011475
mild,H,0.5,5,9,100,0.7359652497984059
mild,H,0.5,5,9,10,0.6586829999842255
mild,H,0.5,5,9,3,0.6450588050123258
mild,H,0.5,5,10,100,0.7523707503396595
mild,H,0.5,5,10,10,0.6846060499842034
mild,H,0.5,5,10,3,0.5880597874658504
mild,H,0.5,5,11,100,0.7437816138932648
mild,H,0.5,5,11,10,0.5876794672494793
mild,H,0.5,5,11,3,0.6852510431625923
mild,H,0.5,5,12,100,0.777345321702043
mild,H,0.5,5,12,10,0.6263895944531438
mild,H,0.5,5,12,3,0.7034169502747837
mild,H,0.5,5,13,100,0.7428940530737779
mild,H,0.5,5,13,10,0.7401577498063562
mild,H,0.5,5,13,3,0.5631837911054214
mild,H,0.5,5,14,100,0.7386989779591179
mild,H,0.5,5,14,10,0.7208015521404386
mild,H,0.5,5,14,3,0.6505184239916921
mild,H,0.5,5,15,100,0.7217900957525996
mild,H,0.5,5,15,10,0.6730436782351537
mild,H,0.5,5,15,3,0.7040091316579187
mild,H,0.5,5,16,100,0.7644197900908705
mild,H,0.5,5,16,10,0.647767544322398
mild,H,0.5,5,16,3,0.5736395368668811
mild,H,0.5,5,17,100,0.7652522888562273
mild,H,0.5,5,17,10,0.6307133958406017
mild,H,0.5,5,17,3,0.6751548451842512
mild,H,0.5,5,18,100,0.8030963861512234
mild,H,0.5,5,18,10,0.5704615397662425
mild,H,0.5,5,18,3,0.6928014872333794
mild,H,0.5,5,19,100,0.7773898506136178
mild,H,0.5,5,19,10,0.6471997926468923
mild,H,0.5,5,19,3,0.5602334212407676
mild,H,0.5,5,20,100,0.7648986535627905
mild,H,0.5,5,20,10,0.5025495635927297
mild,H,0.5,5,20,3,0.6304337814541727
mild,Hy,0.5,5,1,100,0.7153359204426527
mild,Hy,0.5,5,1,10,0.7556999501418249
mild,Hy,0.5,5,1,3,0.6423384590716009
mild,Hy,0.5,5,2,100,0.7426570194228685
mild,Hy,0.5,5,2,10,0.6523482440314781
mild,Hy,0.5,5,2,3,0.6467549170621772
mild,Hy,0.5,5,3,100,0.7497747852457491
mild,Hy,0.5,5,3,10,0.695884973420444
mild,Hy,0.5,5,3,3,0.6569182979444771
mild,Hy,0.5,5,4,100,0.7396284155448821
mild,Hy,0.5,5,4,10,0.6604043713629644
mild,Hy,0.5,5,4,3,0.6548261073446897
mild,Hy,0.5,5,5,100,0.7757717286832498
mild,Hy,0.5,5,5,10,0.627064363220628
mild,Hy,0.5,5,5,3,0.6338097985218862
mild,Hy,0.5,5,6,100,0.7876224746849373
mild,Hy,0.5,5,6,10,0.5805913627861259
mild,Hy,0.5,5,6,3,0.7433043576427211
mild,Hy,0.5,5,7,100,0.7165581496875395
mild,Hy,0.5,5,7,10,0.6628262759511643
mild,Hy,0.5,5,7,3,0.7048180209680032
mild,Hy,0.5,5,8,100,0.7061696244110747
mild,Hy,0.5,5,8,10,0.6397858300270656
mild,Hy,0.5,5,8,3,0.6105759643551879
mild,Hy,0.5,5,9,100,0.7138442623017841
mild,Hy,0.5,5,9,10,0.7109363866529876
mild,Hy,0.5,5,9,3,0.6226160215163979
mild,Hy,0.5,5,10,100,0.7502244411150525
mild,Hy,0.5,5,10,10,0.6943120401162539
mild,Hy,0.5,5,10,3,0.6719199373944291
mild,Hy,0.5,5,11,100,0.7071460693870839
mild,Hy,0.5,5,11,10,0.7750641102417666
mild,Hy,0.5,5,11,3,0.7014561756131814
mild,Hy,0.5,5,12,100,0.7549689116109671
mild,Hy,0.5,5,12,10,0.6350829266212694
mild,Hy,0.5,5,12,3,0.6903614734551444
mild,Hy,0.5,5,13,100,0.6896032166444002
mild,Hy,0.5,5,13,10,0.7237510654173469
mild,Hy,0.5,5,13,3,0.743202971337228
mild,Hy,0.5,5,14,100,0.7373859626199596
mild,Hy,0.5,5,14,10,0.7679110252649423
mild,Hy,0.5,5,14,3,0.7472802390465361
mild,Hy,0.5,5,15,100,0.7418449106712971
mild,Hy,0.5,5,15,10,0.6794081400099213
mild,Hy,0.5,5,15,3,0.57078966423064
mild,Hy,0.5,5,16,100,0.7479698493955518
mild,Hy,0.5,5,16,10,0.643017547487722
mild,Hy,0.5,5,16,3,0.684706213238548
mild,Hy,0.5,5,17,100,0.6945925786469458
mild,Hy,0.5,5,17,10,0.7243580447017557
mild,Hy,0.5,5,17,3,0.7560892534099185
mild,Hy,0.5,5,18,100,0.8030963861512234
mild,Hy,0.5,5,18,10,0.5715771339933337
mild,Hy,0.5,5,18,3,0.6650974593889605
mild,Hy,0.5,5,19,100,0.8034423655354307
mild,Hy,0.5,5,19,10,0.7299648345454766
mild,Hy,0.5,5,19,3,0.7743919788258782
mild,Hy,0.5,5,20,100,0.7668748826567101
mild,Hy,0.5,5,20,10,0.7054344873435754
mild,Hy,0.5,5,20,3,0.5824879315321435
skewed,V,0.5,5,1,100,0.6731416345093729
skewed,V,0.5,5,1,10,0.6958218330327538
skewed,V,0.5,5,1,3,0.6485382722822834
skewed,V,0.5,5,2,100,0.7069079291120025
skewed,V,0.5,5,2,10,0.6433498619485277
skewed,V,0.5,5,2,3,0.798882383968934
skewed,V,0.5,5,3,100,0.6622461383689572
skewed,V,0.5,5,3,10,0.7511947872715548
skewed,V,0.5,5,3,3,0.7002573625270071
skewed,V,0.5,5,4,100,0.7396284155448821
skewed,V,0.5,5,4,10,0.7349304789313893
skewed,V,0.5,5,4,3,0.6817028407327543
skewed,V,0.5,5,5,100,0.6353473178668599
skewed,V,0.5,5,5,10,0.7632575201847849
skewed,V,0.5,5,5,3,0.7167731301471145
skewed,V,0.5,5,6,100,0.7008673674638312
skewed,V,0.5,5,6,10,0.659387187309773
skewed,V,0.5,5,6,3,0.6388718310542588
skewed,V,0.5,5,7,100,0.685809645780907
skewed,V,0.5,5,7,10,0.6763254713794444
skewed,V,0.5,5,7,3,0.7615238133267164
skewed,V,0.5,5,8,100,0.7158018719661442
skewed,V,0.5,5,8,10,0.6338093310227388
skewed,V,0.5,5,8,3,0.6949377744730252
skewed,V,0.5,5,9,100,0.7189149530337493
skewed,V,0.5,5,9,10,0.6839378637834914
skewed,V,0.5,5,9,3,0.6576987933220341
skewed,V,0.5,5,10,100,0.6783873012209388
skewed,V,0.5,5,10,10,0.6520832734614169
skewed,V,0.5,5,10,3,0.7078910108266213
skewed,V,0.5,5,11,100,0.7115879402812181
skewed,V,0.5,5,11,10,0.755974600369746
skewed,V,0.5,5,11,3,0.6770092474264954
skewed,V,0.5,5,12,100,0.6178648965110295
skewed,V,0.5,5,12,10,0.7648866701730287
skewed,V,0.5,5,12,3,0.6867125122641787
skewed,V,0.5,5,13,100,0.7093097042958189
skewed,V,0.5,5,13,10,0.6823848739359243
skewed,V,0.5,5,13,3,0.7340407481914814
skewed,V,0.5,5,14,100,0.7669995993362401
skewed,V,0.5,5,14,10,0.7535872770072618
skewed,V,0.5,5,14,3,0.7109937180994084
skewed,V,0.5,5,15,100,0.7560076280872922
skewed,V,0.5,5,15,10,0.6560646592639936
skewed,V,0.5,5,15,3,0.6751430921158191
skewed,V,0.5,5,16,100,0.688396488248474
skewed,V,0.5,5,16,10,0.6757471659056853
skewed,V,0.5,5,16,3,0.6412871514607232
skewed,V,0.5,5,17,100,0.7529652593058057
skewed,V,0.5,5,17,10,0.6902448776882104
skewed,V,0.5,5,17,3,0.6869695619612093
skewed,V,0.5,5,18,100,0.8030963861512234
skewed,V,0.5,5,18,10,0.7520238615272743
skewed,V,0.5,5,18,3,0.6574030512722032
skewed,V,0.5,5,19,100,0.6910000244322873
skewed,V,0.5,5,19,10,0.6081041327880248
skewed,V,0.5,5,19,3,0.734896041788604
skewed,V,0.5,5,20,100,0.718744500192909
skewed,V,0.5,5,20,10,0.7483186731558359
skewed,V,0.5,5,20,3,0.6744419614876557
skewed,H,0.5,5,1,100,0.7388743433505822
skewed,H,0.5,5,1,10,0.5922652241888501
skewed,H,0.5,5,1,3,0.5518667696687183
skewed,H,0.5,5,2,100,0.7427604168980676
skewed,H,0.5,5,2,10,0.6730544683514038
skewed,H,0.5,5,2,3,0.5680578074340974
skewed,H,0.5,5,3,100,0.7643113726659856
skewed,H,0.5,5,3,10,0.6332980200449365
skewed,H,0.5,5,3,3,0.6060043585563502
skewed,H,0.5,5,4,100,0.7109772250438838
skewed,H,0.5,5,4,10,0.5233096093729531
skewed,H,0.5,5,4,3,0.5858384492450794
skewed,H,0.5,5,5,100,0.7812845913627592
skewed,H,0.5,5,5,10,0.5380838176555198
skewed,H,0.5,5,5,3,0.5733951266920052
skewed,H,0.5,5,6,100,0.7428948776019155
skewed,H,0.5,5,6,10,0.5918346009306233
skewed,H,0.5,5,6,3,0.486276500117675
skewed,H,0.5,5,7,100,0.8015576680946822
skewed,H,0.5,5,7,10,0.6581309522641127
skewed,H,0.5,5,7,3,0.5320950121830469
skewed,H,0.5,5,8,100,0.7211593484963077
skewed,H,0.5,5,8,10,0.684338343969278
skewed,H,0.5,5,8,3,0.5912126396650303
skewed,H,0.5,5,9,100,0.7422460382261098
skewed,H,0.5,5,9,10,0.6689033132954197
skewed,H,0.5,5,9,3,0.5659820941266922
skewed,H,0.5,5,10,100,0.7559647966282127
skewed,H,0.5,5,10,10,0.728001465102599
skewed,H,0.5,5,10,3,0.4120601515851518
skewed,H,0.5,5,11,100,0.7828942964801694
skewed,H,0.5,5,11,10,0.6123297502805773
skewed,H,0.5,5,11,3,0.5147440695999903
skewed,H,0.5,5,12,100,0.7809074825484646
skewed,H,0.5,5,12,10,0.6996073651529762
skewed,H,0.5,5,12,3,0.5109203755159951
skewed,H,0.5,5,13,100,0.7256906487783278
skewed,H,0.5,5,13,10,0.6053564110788596
skewed,H,0.5,5,13,3,0.5926931931083715
skewed,H,0.5,5,14,100,0.7845342039153097
skewed,H,0.5,5,14,10,0.7582379300938797
skewed,H,0.5,5,14,3,0.6530448845289398
skewed,H,0.5,5,15,100,0.7889263765002634
skewed,H,0.5,5,15,10,0.7702158046989446
skewed,H,0.5,5,15,3,0.5634788250322683
skewed,H,0.5,5,16,100,0.7206090363954937
skewed,H,0.5,5,16,10,0.5308243387531473
skewed,H,0.5,5,16,3,0.6913040312231575
skewed,H,0.5,5,17,100,0.7572992647880514
skewed,H,0.5,5,17,10,0.6371299991962804
skewed,H,0.5,5,17,3,0.679219508316907
skewed,H,0.5,5,18,100,0.7662938848234037
skewed,H,0.5,5,18,10,0.7329400931353365
skewed,H,0.5,5,18,3,0.6335532734805075
skewed,H,0.5,5,19,100,0.804661204581756
skewed,H,0.5,5,19,10,0.6614292458636357
skewed,H,0.5,5,19,3,0.6949934668825855
skewed,H,0.5,5,20,100,0.7118054843585301
skewed,H,0.5,5,20,10,0.533168896935163
skewed,H,0.5,5,20,3,0.5845467965034933
skewed,Hy,0.5,5,1,100,0.681914226884297
skewed,Hy,0.5,5,1,10,0.5954812052305842
skewed,Hy,0.5,5,1,3,0.7889987638590049
skewed,Hy,0.5,5,2,100,0.723509803250431
skewed,Hy,0.5,5,2,10,0.5535077586822058
skewed,Hy,0.5,5,2,3,0.7275439341803087
skewed,Hy,0.5,5,3,100,0.7322258971267277
skewed,Hy,0.5,5,3,10,0.6640721330098135
skewed,Hy,0.5,5,3,3,0.7198348303783813
skewed,Hy,0.5,5,4,100,0.7208633485084227
skewed,Hy,0.5,5,4,10,0.6225067879823545
skewed,Hy,0.5,5,4,3,0.5850711877457591
skewed,Hy,0.5,5,5,100,0.7615297532608453
skewed,Hy,0.5,5,5,10,0.6764905703536174
skewed,Hy,0.5,5,5,3,0.5862301664817113
skewed,Hy,0.5,5,6,100,0.7105566591070206
skewed,Hy,0.5,5,6,10,0.7566438792165276
skewed,Hy,0.5,5,6,3,0.6069614365968897
skewed,Hy,0.5,5,7,100,0.6951370616628042
skewed,Hy,0.5,5,7,10,0.649660942077083
skewed,Hy,0.5,5,7,3,0.7842160235866141
skewed,Hy,0.5,5,8,100,0.715805546185713
skewed,Hy,0.5,5,8,10,0.7250624335255684
skewed,Hy,0.5,5,8,3,0.6988338156447783
skewed,Hy,0.5,5,9,100,0.7408033624898203
skewed,Hy,0.5,5,9,10,0.7709339222710961
skewed,Hy,0.5,5,9,3,0.6918642613968856
skewed,Hy,0.5,5,10,100,0.7407142171965557
skewed,Hy,0.5,5,10,10,0.7103445844179779
skewed,Hy,0.5,5,10,3,0.7548048746143903
skewed,Hy,0.5,5,11,100,0.733383691328114
skewed,Hy,0.5,5,11,10,0.6641164323848744
skewed,Hy,0.5,5,11,3,0.7177326240633354
skewed,Hy,0.5,5,12,100,0.7664076748109921
skewed,Hy,0.5,5,12,10,0.7349431959881039
skewed,Hy,0.5,5,12,3,0.6452805610819051
skewed,Hy,0.5,5,13,100,0.7116002372569024
skewed,Hy,0.5,5,13,10,0.7479859152491667
skewed,Hy,0.5,5,13,3,0.7196838660244561
skewed,Hy,0.5,5,14,100,0.7669995993362401
skewed,Hy,0.5,5,14,10,0.6476461366932131
skewed,Hy,0.5,5,14,3,0.7169994494908053
skewed,Hy,0.5,5,15,100,0.6846525291059141
skewed,Hy,0.5,5,15,10,0.7554909531936389
skewed,Hy,0.5,5,15,3,0.6848460973514076
skewed,Hy,0.5,5,16,100,0.7202889470781161
skewed,Hy,0.5,5,16,10,0.7320284500056403
skewed,Hy,0.5,5,16,3,0.7088994173422637
skewed,Hy,0.5,5,17,100,0.7529652593058057
skewed,Hy,0.5,5,17,10,0.68031809837688
skewed,Hy,0.5,5,17,3,0.7077315246748614
skewed,Hy,0.5,5,18,100,0.725791657231513
skewed,Hy,0.5,5,18,10,0.6762700333000764
skewed,Hy,0.5,5,18,3,0.7181715542551895
skewed,Hy,0.5,5,19,100,0.7354431606522817
skewed,Hy,0.5,5,19,10,0.7798783380684225
skewed,Hy,0.5,5,19,3,0.6779028935475383
skewed,Hy,0.5,5,20,100,0.7169472556795286
skewed,Hy,0.5,5,20,10,0.6957650690280139
skewed,Hy,0.5,5,20,3,0.6980799309823735
extreme,V,0.5,5,1,100,0.6618934875613159
extreme,V,0.5,5,1,10,0.6799992105855124
extreme,V,0.5,5,1,3,0.7524230985041438
extreme,V,0.5,5,2,100,0.6539921406990575
extreme,V,0.5,5,2,10,0.7972987891466292
extreme,V,0.5,5,2,3,0.6882801243308708
extreme,V,0.5,5,3,100,0.7961038337897011
extreme,V,0.5,5,3,10,0.6961140837744476
extreme,V,0.5,5,3,3,0.6502318107968162
extreme,V,0.5,5,4,100,0.7373920340986305
extreme,V,0.5,5,4,10,0.6713868284702705
extreme,V,0.5,5,4,3,0.7011856744801672
extreme,V,0.5,5,5,100,0.6919974806868596
extreme,V,0.5,5,5,10,0.6969045085960798
extreme,V,0.5,5,5,3,0.5811907875834254
extreme,V,0.5,5,6,100,0.6416054795264944
extreme,V,0.5,5,6,10,0.6786875603210203
extreme,V,0.5,5,6,3,0.7303727251210965
extreme,V,0.5,5,7,100,0.685809645780907
extreme,V,0.5,5,7,10,0.7302014634339841
extreme,V,0.5,5,7,3,0.6773481242314524
extreme,V,0.5,5,8,100,0.6969553332494588
extreme,V,0.5,5,8,10,0.6701752398457153
extreme,V,0.5,5,8,3,0.6945476775657482
extreme,V,0.5,5,9,100,0.7018577836672363
extreme,V,0.5,5,9,10,0.7057975987630124
extreme,V,0.5,5,9,3,0.73794423168898
extreme,V,0.5,5,10,100,0.5928187893121
extreme,V,0.5,5,10,10,0.7453343259415879
extreme,V,0.5,5,10,3,0.7090818397139322
extreme,V,0.5,5,11,100,0.730906066831478
extreme,V,0.5,5,11,10,0.7020323674344657
extreme,V,0.5,5,11,3,0.6409083056208733
extreme,V,0.5,5,12,100,0.8017331575342647
extreme,V,0.5,5,12,10,0.6546029498433247
extreme,V,0.5,5,12,3,0.7091482207040571
extreme,V,0.5,5,13,100,0.6516783314842619
extreme,V,0.5,5,13,10,0.6046875929135819
extreme,V,0.5,5,13,3,0.7576857727122649
extreme,V,0.5,5,14,100,0.8057805752150661
extreme,V,0.5,5,14,10,0.6728489874653925
extreme,V,0.5,5,14,3,0.7120454957453186
extreme,V,0.5,5,15,100,0.6445038150529536
extreme,V,0.5,5,15,10,0.6818585201152962
extreme,V,0.5,5,15,3,0.7755445285952863
extreme,V,0.5,5,16,100,0.6520949513281866
extreme,V,0.5,5,16,10,0.7543202355161195
extreme,V,0.5,5,16,3,0.7127276826774516
extreme,V,0.5,5,17,100,0.6703928385282237
extreme,V,0.5,5,17,10,0.7206075225167994
extreme,V,0.5,5,17,3,0.6501477888157287
extreme,V,0.5,5,18,100,0.7745718038010946
extreme,V,0.5,5,18,10,0.7040770871608316
extreme,V,0.5,5,18,3,0.6227375676808574
extreme,V,0.5,5,19,100,0.8034423655354307
extreme,V,0.5,5,19,10,0.7547996062618263
extreme,V,0.5,5,19,3,0.7568236560687038
extreme,V,0.5,5,20,100,0.7494652105134428
extreme,V,0.5,5,20,10,0.7962159147874731
extreme,V,0.5,5,20,3,0.7224071795132453
extreme,H,0.5,5,1,100,0.7337908261092554
extreme,H,0.5,5,1,10,0.6026076188786301
extreme,H,0.5,5,1,3,0.48598866991501005
extreme,H,0.5,5,2,100,0.723509803250431
extreme,H,0.5,5,2,10,0.6230009828489312
extreme,H,0.5,5,2,3,0.5398594538487727
extreme,H,0.5,5,3,100,0.7353594586706922
extreme,H,0.5,5,3,10,0.4808760021939852
extreme,H,0.5,5,3,3,0.5333154856359839
extreme,H,0.5,5,4,100,0.7513792907055925
extreme,H,0.5,5,4,10,0.6302643441272417
extreme,H,0.5,5,4,3,0.6166777663498768
extreme,H,0.5,5,5,100,0.666661892849111
extreme,H,0.5,5,5,10,0.5047122869973827
extreme,H,0.5,5,5,3,0.5943534408892119
extreme,H,0.5,5,6,100,0.7644250386107916
extreme,H,0.5,5,6,10,0.7475159510072673
extreme,H,0.5,5,6,3,0.5045479454467527
extreme,H,0.5,5,7,100,0.7548910014280156
extreme,H,0.5,5,7,10,0.6686556388257964
extreme,H,0.5,5,7,3,0.6707021442292735
extreme,H,0.5,5,8,100,0.7700308533680101
extreme,H,0.5,5,8,10,0.6963068461922586
extreme,H,0.5,5,8,3,0.4916044056560397
extreme,H,0.5,5,9,100,0.7422460382261098
extreme,H,0.5,5,9,10,0.5222933675888471
extreme,H,0.5,5,9,3,0.5609311834434474
extreme,H,0.5,5,10,100,0.7532703184288388
extreme,H,0.5,5,10,10,0.4851746666673658
extreme,H,0.5,5,10,3,0.5340862466504778
extreme,H,0.5,5,11,100,0.7304482805599315
extreme,H,0.5,5,11,10,0.6103090244851231
extreme,H,0.5,5,11,3,0.47930590597136546
extreme,H,0.5,5,12,100,0.694240815881798
extreme,H,0.5,5,12,10,0.4947082911706081
extreme,H,0.5,5,12,3,0.6144783575605346
extreme,H,0.5,5,13,100,0.6971183194007953
extreme,H,0.5,5,13,10,0.5923495180461145
extreme,H,0.5,5,13,3,0.6292718562040064
extreme,H,0.5,5,14,100,0.8057805752150661
extreme,H,0.5,5,14,10,0.4588969244620176
extreme,H,0.5,5,14,3,0.5387170186995748
extreme,H,0.5,5,15,100,0.7418449106712971
extreme,H,0.5,5,15,10,0.6393063033276021
extreme,H,0.5,5,15,3,0.4810653803352508
extreme,H,0.5,5,16,100,0.7485588678510025
extreme,H,0.5,5,16,10,0.5420770969600023
extreme,H,0.5,5,16,3,0.5283387466188465
extreme,H,0.5,5,17,100,0.7529652593058057
extreme,H,0.5,5,17,10,0.551534315785246
extreme,H,0.5,5,17,3,0.5623435460295305
extreme,H,0.5,5,18,100,0.688679172924807
extreme,H,0.5,5,18,10,0.5453943908205742
extreme,H,0.5,5,18,3,0.5239037171917781
extreme,H,0.5,5,19,100,0.7516116756525556
extreme,H,0.5,5,19,10,0.6570940664440775
extreme,H,0.5,5,19,3,0.4675739474049211
extreme,H,0.5,5,20,100,0.7668748826567101
extreme,H,0.5,5,20,10,0.473419223600009
extreme,H,0.5,5,20,3,0.4630298325339781
extreme,Hy,0.5,5,1,100,0.7388743433505822
extreme,Hy,0.5,5,1,10,0.6256635720032371
extreme,Hy,0.5,5,1,3,0.6076957344781995
extreme,Hy,0.5,5,2,100,0.7298830666918456
extreme,Hy,0.5,5,2,10,0.6641411696526858
extreme,Hy,0.5,5,2,3,0.6220305198004152
extreme,Hy,0.5,5,3,100,0.7491279746812141
extreme,Hy,0.5,5,3,10,0.710274303003555
extreme,Hy,0.5,5,3,3,0.6385645959729662
extreme,Hy,0.5,5,4,100,0.7348715845440571
extreme,Hy,0.5,5,4,10,0.5443862261434504
extreme,Hy,0.5,5,4,3,0.7143956136004936
extreme,Hy,0.5,5,5,100,0.7500226794091805
extreme,Hy,0.5,5,5,10,0.7593557591126119
extreme,Hy,0.5,5,5,3,0.7899030343069864
extreme,Hy,0.5,5,6,100,0.6853420316926149
extreme,Hy,0.5,5,6,10,0.6113708891728469
extreme,Hy,0.5,5,6,3,0.7334396420017798
extreme,Hy,0.5,5,7,100,0.7388672890030864
extreme,Hy,0.5,5,7,10,0.6690145874451207
extreme,Hy,0.5,5,7,3,0.5490193722620773
extreme,Hy,0.5,5,8,100,0.7177899618300432
extreme,Hy,0.5,5,8,10,0.6853099962482528
extreme,Hy,0.5,5,8,3,0.638983840102028
extreme,Hy,0.5,5,9,100,0.6776479601769806
extreme,Hy,0.5,5,9,10,0.724869709379793
extreme,Hy,0.5,5,9,3,0.6916105274964547
extreme,Hy,0.5,5,10,100,0.7131720377087235
extreme,Hy,0.5,5,10,10,0.6527410987568641
extreme,Hy,0.5,5,10,3,0.5342090257491878
extreme,Hy,0.5,5,11,100,0.7385282506065728
extreme,Hy,0.5,5,11,10,0.5919198937650635
extreme,Hy,0.5,5,11,3,0.5343609541124403
extreme,Hy,0.5,5,12,100,0.7664076748109921
extreme,Hy,0.5,5,12,10,0.6374095986042724
extreme,Hy,0.5,5,12,3,0.6027450719200667
extreme,Hy,0.5,5,13,100,0.7102206383762967
extreme,Hy,0.5,5,13,10,0.6078002797214369
extreme,Hy,0.5,5,13,3,0.5737290048759828
extreme,Hy,0.5,5,14,100,0.730037518525174
extreme,Hy,0.5,5,14,10,0.714988741766682
extreme,Hy,0.5,5,14,3,0.7100503975779379
extreme,Hy,0.5,5,15,100,0.7695845021140791
extreme,Hy,0.5,5,15,10,0.5878419597815974
extreme,Hy,0.5,5,15,3,0.7784964424187961
extreme,Hy,0.5,5,16,100,0.7259929889355754
extreme,Hy,0.5,5,16,10,0.7054621886946467
extreme,Hy,0.5,5,16,3,0.6052794739787082
extreme,Hy,0.5,5,17,100,0.7652522888562273
extreme,Hy,0.5,5,17,10,0.677457203585705
extreme,Hy,0.5,5,17,3,0.7205443186731141
extreme,Hy,0.5,5,18,100,0.7174248922779544
extreme,Hy,0.5,5,18,10,0.6914001938975615
extreme,Hy,0.5,5,18,3,0.65895343597466
extreme,Hy,0.5,5,19,100,0.8034423655354307
extreme,Hy,0.5,5,19,10,0.6130918896296859
extreme,Hy,0.5,5,19,3,0.8116686558158112
extreme,Hy,0.5,5,20,100,0.7438725070926896
extreme,Hy,0.5,5,20,10,0.6983694387017654
extreme,Hy,0.5,5,20,3,0.5624553799797956
